# Time (s), X (m), Y (m), Z (m), Vx (m/s), Vy (m/s), Vz (m/s), e0, e1, e2, e3, ω1 (rad/s), ω2 (rad/s), ω3 (rad/s), Ax (m/s2), Ay (m/s2), Az (m/s2), α1 (rad/s2), α2 (rad/s2), α3 (rad/s2), R1 (N), R2 (N), R3 (N), M1 (Nm), M2 (Nm), Aerodynamic Spin Moment (N m), Pressure (Pa), Density (kg/m³), Dynamic Viscosity (Pa s), Speed of Sound (m/s), Wind Velocity X (East) (m/s), Wind Velocity Y (North) (m/s), Speed - Velocity Magnitude (m/s), Acceleration Magnitude (m/s²), (((Vx (m/s)**2) + (Vy (m/s)**2))**0.5), Path Angle (°), Latitude (°), Longitude (°), (((Vx (m/s)**2) + (Vy (m/s)**2))**0.5), Spin Angle - φ (°), Dynamic Pressure (Pa), Aerodynamic Lift Force (N), Aerodynamic Drag Force (N), Rotational Kinetic Energy (J), Kinetic Energy (J), ((Scalar*9.80665)*Z (m)), Total Mechanical Energy (J), Thrust Power (W), Drag Power (W)
0.000000,0.000000,0.000000,0.000000,0.000000,0.000000,0.000000,0.704416,-0.061628,0.061628,-0.704416,0.000000,0.000000,0.000000,0.000000,0.000000,0.000000,0.000000,0.000000,0.000000,-2.735970,2.694405,-0.147658,2.532789,2.571861,0.000000,101325.000000,1.176613,0.000018,347.220687,5.000000,5.000000,0.000000,0.000000,0.000000,0.000000,32.990254,-106.974998,0.000000,0.000000,29.415313,3.839967,0.147658,0.000000,0.000000,0.000000,0.000000,0.000000,-0.000000
0.600000,3.042434,-0.007139,16.993885,11.612347,-0.231386,64.723751,0.704202,-0.039827,0.062144,-0.706152,0.243934,0.261047,0.000000,19.960903,-3.876471,124.873047,0.818871,0.947197,0.000000,-8.788540,7.623032,-12.339462,6.680577,7.727551,0.000000,101121.016428,1.174244,0.000018,347.220687,5.000000,5.000000,65.757616,126.517756,11.614652,79.826575,32.990254,-106.974948,11.614652,12.265984,2501.288722,11.633839,12.339462,0.520694,43840.373910,3379.250029,47219.623939,182302.237514,-811.413622
1.200000,12.292017,-2.079421,77.148234,17.743143,-6.581296,126.155022,0.703330,-0.013102,0.068161,-0.707467,-0.201653,-0.209598,0.000000,6.862464,-3.742347,44.488578,1.408456,1.307173,0.000000,-10.725301,11.622710,-45.458974,10.927918,10.141984,0.000000,100401.632620,1.165890,0.000018,347.220687,5.000000,5.000000,127.566540,45.170037,18.924391,81.468729,32.990235,-106.974794,18.924391,33.951257,9450.474331,15.817503,45.458974,0.328200,159828.803996,14861.315888,174690.119884,143005.711032,-5799.044031
1.800000,24.106771,-6.776164,160.933590,21.307833,-9.500198,153.256133,0.703057,-0.008801,0.070808,-0.707546,-0.142904,-0.144562,0.000000,6.730128,-4.571877,45.924999,1.019114,0.921599,0.000000,-7.351827,8.186525,-66.540677,7.693755,6.957445,0.000000,99406.557458,1.154335,0.000018,347.220687,5.000000,5.000000,155.021675,46.640138,23.329756,81.344473,32.990193,-106.974599,23.329756,37.732496,13831.036841,11.093192,66.540677,0.155949,232224.096691,30501.381621,262725.478312,178887.377198,-10315.247187
2.400000,38.060080,-13.354790,261.211389,25.106901,-12.572627,180.980563,0.703026,-0.010233,0.072839,-0.707351,0.010881,0.013610,0.000000,7.120809,-4.374296,45.661517,1.273627,1.362508,0.000000,-11.423815,10.671299,-92.441267,9.341273,9.993184,0.000000,98226.124060,1.140628,0.000018,347.220687,5.000000,5.000000,183.145820,46.419977,28.078950,81.180932,32.990134,-106.974368,28.078950,36.827224,19086.719036,15.630607,92.441267,0.001126,318797.099252,48692.616880,367489.716132,211976.857862,-16930.231645
3.000000,54.227024,-21.851198,377.832007,28.747461,-15.723549,207.289682,0.702566,-0.003241,0.075158,-0.707632,0.016565,0.032183,0.000000,5.315073,-5.565318,40.954539,-0.787047,-0.797960,0.000000,6.381533,-6.363176,-122.147512,-5.605606,-5.683113,0.000000,96867.611527,1.124852,0.000018,347.220687,5.000000,5.000000,209.863429,41.671296,32.766545,81.017505,32.990058,-106.974100,32.766545,42.325123,24725.611104,9.018320,122.147512,0.004669,411953.095476,69314.429798,481267.525274,227288.231673,-25634.295726
3.600000,72.470204,-32.180587,509.165243,32.024895,-18.620450,229.792312,0.702620,-0.006540,0.077154,-0.707341,0.000774,0.007686,0.000000,2.162384,-1.445850,6.636547,0.464810,0.498861,0.000000,-3.988026,3.683418,-151.832892,3.136959,3.366823,0.000000,95355.967504,1.107299,0.000018,347.220687,5.000000,5.000000,232.759150,26.040605,37.044772,80.842150,32.989965,-106.973798,37.044772,39.963135,29948.426828,5.428805,151.832892,0.000206,499054.311347,91990.654319,591044.965667,225576.609839,-35340.494957
4.200000,91.513665,-43.203171,643.835528,31.456628,-18.136108,219.204494,0.702437,-0.005347,0.079216,-0.707305,-0.017888,-0.008193,0.000000,-0.918696,0.742826,-17.178780,-0.060268,-0.082044,0.000000,0.683411,-0.559144,-134.388644,-0.397766,-0.541491,0.000000,93825.807149,1.089530,0.000018,347.220687,5.000000,5.000000,222.191467,17.219358,36.310300,80.594599,32.989866,-106.973483,36.310300,40.940883,26849.200223,0.853527,134.388644,0.001302,448421.535926,114698.388631,563119.924556,182738.087297,-29860.010003
4.800000,110.235000,-53.945943,772.317663,30.953744,-17.681563,209.152297,0.702329,-0.005742,0.081333,-0.707169,0.001087,0.012040,0.000000,-0.819963,0.707826,-16.347823,-0.020513,-0.010139,0.000000,0.025246,-0.156489,-119.344505,-0.135388,-0.066918,0.000000,92384.550965,1.072794,0.000018,347.220687,5.000000,5.000000,212.168459,16.383671,35.647888,80.327462,32.989769,-106.973173,35.647888,40.765143,24101.776042,0.128590,119.344505,0.000483,405375.956044,136408.985540,541784.941584,48095.134394,-25321.139834
5.400000,128.663439,-64.432357,894.911150,30.482537,-17.277789,199.564586,0.702191,-0.005889,0.083677,-0.707031,-0.009622,0.001621,0.000000,-0.744319,0.649817,-15.628329,0.002365,-0.000979,0.000000,0.000803,-0.022396,-106.288766,0.015611,-0.006459,0.000000,91026.115810,1.057019,0.000018,347.220687,5.000000,5.000000,202.617204,15.659532,35.038651,80.041764,32.989675,-106.972868,35.038651,40.777595,21653.927536,0.017958,106.288766,0.000314,369483.581134,157969.447726,527453.028860,0.000001,-21535.932623
6.000000,146.823420,-74.684242,1011.875912,30.056030,-16.901177,190.381074,0.702045,-0.006149,0.086167,-0.706874,-0.005202,0.007043,0.000000,-0.678345,0.605737,-14.996786,0.013732,0.017838,0.000000,-0.169270,0.087598,-94.845590,0.090628,0.117730,0.000000,89745.173279,1.042145,0.000018,347.220687,5.000000,5.000000,193.478598,15.024335,34.482093,79.733802,32.989582,-106.972567,34.482093,40.721850,19463.309794,0.190583,94.845590,0.000253,336905.712700,178616.032388,515521.745089,0.000000,-18350.591905
6.600000,164.736846,-84.720380,1123.439663,29.661190,-16.556852,181.553680,0.701870,-0.006227,0.088870,-0.706712,-0.006920,0.006440,0.000000,-0.636420,0.546539,-14.441549,-0.013444,-0.012089,0.000000,0.071305,-0.132651,-84.783539,-0.088733,-0.079787,0.000000,88537.019142,1.028115,0.000018,347.220687,5.000000,5.000000,184.704235,14.465893,33.969332,79.402292,32.989492,-106.972270,33.969332,40.794814,17495.749110,0.150876,84.783539,0.000295,307040.888897,198309.232218,505350.121114,0.000000,-15659.878585
7.200000,182.422738,-94.557796,1229.802375,29.296396,-16.238726,173.037317,0.701686,-0.006477,0.091789,-0.706521,-0.008374,0.005937,0.000000,-0.584234,0.510486,-13.955352,-0.000711,0.000597,0.000000,-0.025932,-0.035538,-75.971195,-0.004690,0.003938,0.000000,87397.484715,1.014883,0.000018,347.220687,5.000000,5.000000,176.249505,13.976902,33.495896,79.044405,32.989404,-106.971977,33.495896,40.767146,15722.211070,0.046298,75.971195,0.000348,279574.993435,217084.346229,496659.339664,-0.000000,-13389.885605
7.800000,199.898175,-104.211235,1331.139650,28.959071,-15.943401,164.797145,0.701478,-0.006730,0.094946,-0.706307,-0.008421,0.007111,0.000000,-0.539490,0.475715,-13.519795,0.004037,0.006476,0.000000,-0.075357,0.003723,-68.078998,0.026646,0.042738,0.000000,86322.867363,1.002404,0.000018,347.220687,5.000000,5.000000,168.080097,13.538915,33.057826,78.657177,32.989317,-106.971688,33.057826,40.748875,14119.239709,0.075469,68.078998,0.000401,254258.270423,234972.371595,489230.642018,0.000000,-11442.724518
8.400000,217.178531,-113.694103,1427.608488,28.646039,-15.669536,156.804789,0.701241,-0.006961,0.098374,-0.706071,-0.008859,0.008042,0.000000,-0.501886,0.440565,-13.128256,0.000820,0.003594,0.000000,-0.054077,-0.021573,-60.985323,0.005409,0.023718,0.000000,85309.841805,0.990640,0.000018,347.220687,5.000000,5.000000,160.168261,13.145231,32.651645,78.237321,32.989232,-106.971402,32.651645,40.755915,12667.370318,0.058214,60.985323,0.000472,230884.846693,252001.022075,482885.868769,0.000000,-9767.913112
9.000000,234.277783,-123.018665,1519.350000,28.355162,-15.415312,149.035540,0.700975,-0.007215,0.102104,-0.705804,-0.009743,0.008700,0.000000,-0.467072,0.408759,-12.775227,-0.001158,0.002047,0.000000,-0.042283,-0.038313,-54.589820,-0.007641,0.013513,0.000000,84355.409552,0.979557,0.000018,347.220687,5.000000,5.000000,152.490128,12.790296,32.274557,77.780928,32.989148,-106.971119,32.274557,40.761532,11350.050995,0.057124,54.589820,0.000563,209279.153860,268195.206233,477474.360093,-0.000000,-8324.408591
9.600000,251.208749,-132.196123,1606.491406,28.084731,-15.178991,141.467716,0.700672,-0.007494,0.106175,-0.705500,-0.010798,0.009435,0.000000,-0.434651,0.379483,-12.456171,-0.002035,0.000624,0.000000,-0.031495,-0.046576,-48.809151,-0.013432,0.004118,0.000000,83456.859453,0.969123,0.000018,347.220687,5.000000,5.000000,145.025062,12.469528,31.924189,77.283403,32.989065,-106.970839,31.924189,40.766107,10153.119201,0.056227,48.809151,0.000679,189290.418247,283577.380989,472867.799237,-0.000000,-7078.550221
10.200000,267.983218,-141.236797,1689.147695,27.833208,-14.959224,134.082147,0.700328,-0.007812,0.110631,-0.705154,-0.011881,0.010141,0.000000,-0.403960,0.353184,-12.167180,-0.001139,0.001182,0.000000,-0.036243,-0.040496,-43.573443,-0.007515,0.007801,0.000000,82611.734727,0.959309,0.000018,347.220687,5.000000,5.000000,137.755174,12.179006,31.598511,76.739330,32.988984,-106.970561,31.598511,40.763994,9064.391524,0.054354,43.573443,0.000805,170788.393144,298167.844457,468956.237601,0.000000,-6002.467228
10.800000,284.612097,-150.150207,1767.423023,27.599190,-14.754643,126.861826,0.699935,-0.008160,0.115514,-0.704757,-0.013030,0.011181,0.000000,-0.376039,0.328976,-11.904857,-0.001688,0.002112,0.000000,-0.044642,-0.045852,-38.823664,-0.011141,0.013937,0.000000,81817.805130,0.950090,0.000018,347.220687,5.000000,5.000000,130.664982,11.915336,31.295603,76.142363,32.988904,-106.970285,31.295603,40.762805,8073.337212,0.063994,38.823664,0.000973,153660.039128,311984.981823,465645.020951,0.000000,-5072.893401
11.400000,301.105480,-158.945168,1841.411888,27.381354,-14.564224,119.791540,0.699481,-0.008537,0.120896,-0.704300,-0.014436,0.012398,0.000000,-0.350107,0.306034,-11.666606,-0.002319,0.002002,0.000000,-0.044909,-0.052202,-34.509591,-0.015308,0.013211,0.000000,81073.043253,0.941441,0.000018,347.220687,5.000000,5.000000,123.741134,11.675870,31.013790,75.484942,32.988825,-106.970012,31.013790,40.764295,7170.817013,0.068862,34.509591,0.001195,137806.814421,325045.474119,462852.288540,0.000000,-4270.255927
12.000000,317.472757,-167.629897,1911.200133,27.178645,-14.387003,112.857602,0.698954,-0.008953,0.126849,-0.703771,-0.016006,0.013814,0.000000,-0.325928,0.284622,-11.449988,-0.003048,0.001956,0.000000,-0.045840,-0.059368,-30.588243,-0.020119,0.012912,0.000000,80375.604369,0.933343,0.000018,347.220687,5.000000,5.000000,116.972231,11.458161,30.751660,74.757965,32.988747,-106.969741,30.751660,40.765936,6348.870235,0.075002,30.588243,0.001475,123142.526789,337364.474092,460507.000881,0.000000,-3577.974990
12.600000,333.722685,-176.212062,1976.865798,26.990086,-14.222141,106.047653,0.698341,-0.009428,0.133454,-0.703152,-0.017743,0.015406,0.000000,-0.303086,0.265194,-11.252892,-0.003356,0.003484,0.000000,-0.059405,-0.063156,-27.022682,-0.022151,0.022997,0.000000,79723.809064,0.925774,0.000018,347.220687,5.000000,5.000000,110.348714,11.260096,30.507934,73.950459,32.988669,-106.969472,30.507934,40.762199,5600.542423,0.086707,27.022682,0.001822,109591.550574,348955.757597,458547.308172,0.000000,-2981.918200
13.200000,349.863464,-184.698800,2038.479861,26.814655,-14.068920,99.350499,0.697616,-0.009945,0.140842,-0.702423,-0.020019,0.017060,0.000000,-0.281534,0.246124,-11.073800,-0.003367,0.003007,0.000000,-0.056676,-0.065211,-23.781029,-0.022221,0.019845,0.000000,79116.128275,0.918717,0.000018,347.220687,5.000000,5.000000,103.862803,11.080113,30.281352,73.049138,32.988593,-106.969205,30.281352,40.764376,4919.742219,0.086399,23.781029,0.002283,97087.339189,359831.853452,456919.192640,-0.000000,-2469.964293
13.800000,365.902799,-193.096863,2096.106885,26.651760,-13.926348,92.755935,0.696758,-0.010522,0.149105,-0.701560,-0.022408,0.019548,0.000000,-0.261979,0.228637,-10.910742,-0.005347,0.003694,0.000000,-0.064415,-0.082756,-20.835677,-0.035289,0.024383,0.000000,78551.170159,0.912157,0.000018,347.220687,5.000000,5.000000,97.508579,10.916282,30.070907,72.037623,32.988518,-106.968939,30.070907,40.766655,4301.124449,0.104873,20.835677,0.002918,85571.309284,370004.158591,455575.467875,-0.000000,-2031.657234
14.400000,381.847875,-201.412558,2149.805584,26.500463,-13.794272,86.254542,0.695730,-0.011201,0.158447,-0.700521,-0.025436,0.021745,0.000000,-0.242415,0.212440,-10.762844,-0.004577,0.005258,0.000000,-0.078165,-0.078810,-18.162748,-0.030210,0.034701,0.000000,78027.668754,0.906078,0.000018,347.220687,5.000000,5.000000,91.281994,10.767670,29.875684,70.895628,32.988443,-106.968675,29.875684,40.759943,3739.990329,0.110998,18.162748,0.003695,74991.625476,379483.036797,454474.662273,-0.000000,-1657.931822
15.000000,397.705559,-209.651810,2199.629260,26.360180,-13.671514,79.837824,0.694483,-0.011920,0.169034,-0.699271,-0.029066,0.025178,0.000000,-0.225302,0.196341,-10.628630,-0.007278,0.004824,0.000000,-0.077346,-0.103005,-15.742657,-0.048032,0.031840,0.000000,77544.474508,0.900467,0.000018,347.220687,5.000000,5.000000,85.181262,10.632831,29.694602,69.597994,32.988369,-106.968413,29.694602,40.769565,3232.207963,0.128811,15.742657,0.004880,65302.632109,388277.897108,453580.529217,0.000000,-1340.979356
15.600000,413.482173,-217.820267,2245.626243,26.230283,-13.558075,73.497605,0.692962,-0.012809,0.181137,-0.697732,-0.033294,0.028583,0.000000,-0.207975,0.182374,-10.507319,-0.007251,0.007641,0.000000,-0.101876,-0.105424,-13.558477,-0.047857,0.050428,0.000000,77100.545537,0.895312,0.000018,347.220687,5.000000,5.000000,79.206989,10.510959,29.527092,68.112588,32.988295,-106.968152,29.527092,40.758651,2774.134744,0.146605,13.558477,0.006354,56463.729626,396397.270663,452861.000289,0.000000,-1073.926124
16.200000,429.183829,-225.923121,2287.840238,26.110079,-13.452872,67.226703,0.691069,-0.013756,0.195060,-0.695835,-0.038644,0.033486,0.000000,-0.192801,0.168043,-10.397697,-0.010427,0.007802,0.000000,-0.106381,-0.134207,-11.590888,-0.068819,0.051492,0.000000,76694.940293,0.890602,0.000018,347.220687,5.000000,5.000000,73.363108,10.400842,29.372027,66.398996,32.988222,-106.967892,29.372027,40.769214,2362.576644,0.171255,11.590888,0.008628,48439.318850,403848.872383,452288.191233,-0.000000,-850.343529
16.800000,444.816102,-233.965397,2326.310731,25.999042,-13.355990,61.018160,0.688697,-0.014926,0.211228,-0.693438,-0.045169,0.038698,0.000000,-0.177460,0.155394,-10.299111,-0.011438,0.010534,0.000000,-0.130971,-0.145979,-9.826722,-0.075491,0.069525,0.000000,76326.810198,0.886327,0.000018,347.220687,5.000000,5.000000,67.657582,10.301812,29.228969,64.404609,32.988150,-106.967633,29.228969,40.761548,1994.731108,0.196121,9.826722,0.011675,41197.947693,410639.672358,451837.620051,-0.000000,-664.852245
17.400000,460.384417,-241.951728,2361.073250,25.896692,-13.266309,54.865804,0.685672,-0.016251,0.230094,-0.690396,-0.053121,0.046060,0.000000,-0.163986,0.143378,-10.210425,-0.015457,0.013372,0.000000,-0.157817,-0.182294,-8.254597,-0.102016,0.088254,0.000000,75995.394119,0.882478,0.000018,347.220687,5.000000,5.000000,62.103865,10.212748,29.096969,62.061661,32.988078,-106.967375,29.096969,40.763322,1668.143002,0.241117,8.254597,0.016313,34712.027060,416775.941709,451487.968769,0.000000,-512.642388
18.000000,475.893694,-249.886429,2392.159718,25.802195,-13.183873,48.763679,0.681739,-0.017801,0.252408,-0.686443,-0.063537,0.054635,0.000000,-0.151017,0.131703,-10.131523,-0.019073,0.015730,0.000000,-0.180706,-0.216423,-6.864805,-0.125881,0.103819,0.000000,75700.012300,0.879048,0.000018,347.220687,5.000000,5.000000,56.722695,10.133505,28.975296,59.281290,32.988007,-106.967118,28.975296,40.768850,1380.669026,0.281946,6.864805,0.023173,28957.200435,422263.315758,451220.516193,0.000000,-389.390215
18.600000,491.348574,-257.773661,2419.598589,25.715288,-13.107894,42.706297,0.676576,-0.019716,0.278897,-0.681228,-0.076246,0.065628,0.000000,-0.138946,0.121757,-10.061089,-0.023786,0.021230,0.000000,-0.229615,-0.259695,-5.649218,-0.156990,0.140118,0.000000,75440.062817,0.876030,0.000018,347.220687,5.000000,5.000000,51.545327,10.062785,28.863349,55.946931,32.987936,-106.966862,28.863349,40.760081,1130.449376,0.346647,5.649218,0.033398,23912.319808,427106.817051,451019.136859,-0.000000,-291.190803
19.200000,506.753392,-265.617058,2443.415224,25.635173,-13.037721,36.688774,0.669633,-0.021937,0.310640,-0.674247,-0.092570,0.080032,0.000000,-0.128321,0.112180,-9.998628,-0.030972,0.026705,0.000000,-0.279381,-0.323819,-4.601162,-0.204417,0.176255,0.000000,75215.015977,0.873417,0.000018,347.220687,5.000000,5.000000,46.617704,10.000081,28.760116,51.907310,32.987865,-106.966607,28.760116,40.763815,915.880218,0.427683,4.601162,0.049415,19558.942636,431310.922312,450869.864948,0.000000,-214.495618
19.800000,522.111999,-273.420044,2463.632127,25.561177,-12.973129,30.706464,0.660142,-0.024609,0.348945,-0.664705,-0.113558,0.097904,0.000000,-0.118429,0.103300,-9.943565,-0.039129,0.033201,0.000000,-0.337848,-0.396856,-3.715337,-0.258252,0.219126,0.000000,75024.410388,0.871203,0.000018,347.220687,5.000000,5.000000,42.006698,9.944807,28.664888,46.969428,32.987795,-106.966353,28.664888,40.768557,735.592662,0.521187,3.715337,0.074186,15881.138889,434879.603884,450760.742773,0.000000,-156.069042
20.400000,537.427954,-281.185810,2480.269162,25.492941,-12.913555,24.755232,0.647011,-0.027896,0.395180,-0.651470,-0.139778,0.120334,0.000000,-0.109127,0.095402,-9.894879,-0.048520,0.041860,0.000000,-0.414564,-0.480715,-2.987749,-0.320232,0.276275,0.000000,74867.849436,0.869385,0.000018,347.220687,5.000000,5.000000,37.808351,9.895941,28.577087,40.901124,32.987725,-106.966099,28.577087,40.765424,588.433590,0.634783,2.987749,0.112260,12865.355343,437816.368336,450681.723678,-0.000000,-112.961845
21.000000,552.704614,-288.917231,2493.343887,25.430148,-12.858606,18.831446,0.628633,-0.031843,0.450737,-0.632949,-0.172000,0.148258,0.000000,-0.100173,0.087700,-9.852054,-0.058892,0.051091,0.000000,-0.497067,-0.573605,-2.415611,-0.388687,0.337198,0.000000,74744.996940,0.867959,0.000018,347.220687,5.000000,5.000000,34.156398,9.852954,28.496249,33.458301,32.987656,-106.965846,28.496249,40.762905,473.447131,0.759012,2.415611,0.170163,10500.106028,440124.314924,450624.420951,-0.000000,-82.508554
21.600000,567.945224,-296.617094,2502.871674,25.372824,-12.808436,12.931492,0.602814,-0.036481,0.516584,-0.606963,-0.210100,0.181245,0.000000,-0.090710,0.079346,-9.815653,-0.067342,0.058172,0.000000,-0.563522,-0.652503,-1.997224,-0.444457,0.383935,0.000000,74655.574982,0.866920,0.000018,347.220687,5.000000,5.000000,31.225946,9.816393,28.422460,24.464319,32.987587,-106.965594,28.422460,40.763977,389.860851,0.862159,1.997224,0.254072,8775.791403,441806.156979,450581.948382,0.000000,-62.365219
22.200000,583.153204,-304.288419,2508.865565,25.321504,-12.763584,7.050920,0.566984,-0.041804,0.592304,-0.570908,-0.251325,0.216759,0.000000,-0.080139,0.070004,-9.788081,-0.067986,0.058487,0.000000,-0.576774,-0.670132,-1.731694,-0.448705,0.386016,0.000000,74599.364398,0.866267,0.000018,347.220687,5.000000,5.000000,29.219910,9.788660,28.356439,13.963592,32.987518,-106.965342,28.356439,40.765260,337.075011,0.884164,1.731694,0.363491,7684.591516,442864.196946,450548.788462,0.000000,-50.599953
22.800000,598.332315,-311.934530,2511.335324,25.276559,-12.724353,1.182970,0.518969,-0.047620,0.674768,-0.522564,-0.288143,0.248368,0.000000,-0.070024,0.061146,-9.774709,-0.050452,0.043343,0.000000,-0.466054,-0.542045,-1.618567,-0.332982,0.286061,0.000000,74576.213033,0.865999,0.000018,347.220687,5.000000,5.000000,28.323366,9.775151,28.298650,2.393745,32.987449,-106.965091,28.298650,40.765448,314.656660,0.714851,1.618567,0.477552,7220.394640,443300.157914,450520.552555,-0.000000,-45.843256
23.400000,613.485994,-319.558438,2510.285572,25.236019,-12.688941,-4.682817,0.458973,-0.053431,0.756910,-0.462133,-0.305521,0.263289,0.000000,-0.067223,0.058758,-9.781431,-0.001249,0.001070,0.000000,-0.133905,-0.155440,-1.657336,-0.008244,0.007065,0.000000,74586.052629,0.866113,0.000018,347.220687,5.000000,5.000000,28.632057,9.781839,28.246520,-9.413099,32.987380,-106.964840,28.246520,40.765560,322.334229,0.204114,1.657336,0.536792,7378.688603,443114.856114,450493.544717,-0.000000,-47.452918
24.000000,628.614924,-327.160715,2505.714053,25.192274,-12.650684,-10.557717,0.392762,-0.058479,0.828216,-0.395443,-0.282845,0.243785,0.000000,-0.082037,0.071769,-9.802082,0.080451,-0.069220,0.000000,0.434880,0.505686,-1.846975,0.530979,-0.456855,0.000000,74628.914933,0.866611,0.000018,347.220687,5.000000,5.000000,30.102423,9.802688,28.190255,-20.531753,32.987312,-106.964589,28.190255,40.766248,359.964015,0.666216,1.846975,0.460127,8155.862950,442307.893008,450463.755958,-0.000000,-55.598416
24.600000,643.713913,-334.736797,2497.614305,25.134912,-12.600495,-16.441834,0.332845,-0.062084,0.879237,-0.335113,-0.211410,0.182311,0.000000,-0.108967,0.095322,-9.805050,0.147979,-0.127412,0.000000,0.925960,1.075615,-2.185762,0.976664,-0.840918,0.000000,74704.906699,0.867493,0.000018,347.220687,5.000000,5.000000,32.571002,9.806119,28.116477,-30.318060,32.987244,-106.964339,28.116477,40.766411,427.468457,1.419278,2.185762,0.257174,9548.088761,440878.127831,450426.216592,0.000000,-71.192459
25.200000,658.774371,-342.279175,2485.986438,25.066119,-12.540343,-22.312561,0.290966,-0.064142,0.908509,-0.292971,-0.126898,0.109491,0.000000,-0.113594,0.099275,-9.753612,0.110340,-0.095183,0.000000,0.699880,0.811342,-2.671596,0.728244,-0.628211,0.000000,74814.108767,0.868761,0.000018,347.220687,5.000000,5.000000,35.824864,9.754778,28.028031,-38.522603,32.987176,-106.964090,28.028031,40.764730,524.802546,1.071413,2.671596,0.092701,11550.880521,438825.580260,450376.460782,0.000000,-95.709573
25.800000,673.795079,-349.786814,2470.848664,25.005902,-12.487746,-28.137209,0.263574,-0.065309,0.925105,-0.265405,-0.100575,0.086697,0.000000,-0.085044,0.074246,-9.660702,-0.025430,0.021699,0.000000,-0.233499,-0.272945,-3.301817,-0.167837,0.143216,0.000000,74956.467447,0.870414,0.000018,347.220687,5.000000,5.000000,39.660326,9.661361,27.950652,-45.190575,32.987108,-106.963841,27.950652,40.763467,651.835742,0.346965,3.301817,0.058184,14156.531384,436153.464964,450309.996348,0.000000,-130.951121
26.400000,688.784178,-357.266851,2452.231620,24.957463,-12.445439,-33.914651,0.233427,-0.066450,0.941200,-0.235032,-0.131879,0.113605,0.000000,-0.089104,0.077891,-9.611527,-0.037734,0.032545,0.000000,-0.347864,-0.403452,-4.073074,-0.249044,0.214795,0.000000,75131.846568,0.872451,0.000018,347.220687,5.000000,5.000000,43.908627,9.612255,27.888419,-50.569135,32.987041,-106.963593,27.888419,40.765279,808.258980,0.542610,4.073074,0.099985,17351.807462,432867.189867,450218.997329,-0.000000,-178.843097
27.000000,703.738946,-364.716876,2430.152665,24.884828,-12.381902,-39.682045,0.199539,-0.067548,0.956693,-0.200896,-0.106298,0.091661,0.000000,-0.154973,0.135575,-9.610124,0.123263,-0.106011,0.000000,0.776285,0.902849,-4.983220,0.813536,-0.699673,0.000000,75340.268647,0.874871,0.000018,347.220687,5.000000,5.000000,48.448228,9.612330,27.795074,-54.990887,32.986974,-106.963346,27.795074,40.767141,993.941614,1.190662,4.983220,0.065013,21125.142395,428969.819379,450094.961774,-0.000000,-241.428199
27.600000,718.640674,-372.120507,2404.616860,24.789040,-12.298149,-45.428986,0.181373,-0.068054,0.963909,-0.182625,-0.036877,0.031859,0.000000,-0.141253,0.123406,-9.527983,0.044999,-0.038961,0.000000,0.283970,0.327905,-6.030831,0.296992,-0.257141,0.000000,75581.906488,0.877677,0.000018,347.220687,5.000000,5.000000,53.193362,9.529829,27.672025,-58.653275,32.986908,-106.963099,27.672025,40.764346,1208.835366,0.442071,6.030831,0.007837,25465.811550,424462.246777,449928.058326,0.000000,-320.800199
28.200000,733.492826,-379.480820,2375.651928,24.722748,-12.240259,-51.110012,0.169082,-0.068369,0.968377,-0.170248,-0.069316,0.059688,0.000000,-0.100282,0.087613,-9.423822,-0.093844,0.080802,0.000000,-0.710763,-0.825475,-7.214088,-0.619369,0.533295,0.000000,75856.752376,0.880869,0.000018,347.220687,5.000000,5.000000,58.079872,9.424763,27.586921,-61.641791,32.986841,-106.962853,27.586921,40.764560,1452.748931,1.089895,7.214088,0.027613,30359.471351,419349.365610,449708.836961,-0.000000,-418.993312
28.800000,748.303542,-386.804923,2343.291020,24.636243,-12.164604,-56.758050,0.147887,-0.068861,0.975305,-0.148894,-0.062724,0.054100,0.000000,-0.192096,0.168030,-9.401771,0.121684,-0.104639,0.000000,0.781372,0.908864,-8.531068,0.803113,-0.690615,0.000000,76164.779000,0.884445,0.000018,347.220687,5.000000,5.000000,63.058689,9.405234,27.475845,-64.168971,32.986776,-106.962608,27.475845,40.766914,1725.412340,1.198126,8.531068,0.022642,35787.607084,413637.027903,449424.634988,0.000000,-537.957996
29.400000,763.050989,-394.073697,2307.549327,24.527840,-12.069849,-62.368664,0.139285,-0.069037,0.977837,-0.140249,-0.019307,0.016660,0.000000,-0.140458,0.122663,-9.283548,-0.049477,0.042378,0.000000,-0.360798,-0.421060,-9.980847,-0.326545,0.279695,0.000000,76506.161807,0.888410,0.000018,347.220687,5.000000,5.000000,68.096596,9.285420,27.336719,-66.331750,32.986710,-106.962363,27.336719,40.763860,2026.714057,0.553241,9.980847,0.002146,41734.320027,407327.914852,449062.234879,0.000000,-679.661712
30.000000,777.744103,-401.295000,2268.463546,24.445039,-11.997492,-67.910153,0.127313,-0.069269,0.981103,-0.128183,-0.059502,0.051264,0.000000,-0.178839,0.156419,-9.209799,0.026682,-0.022783,0.000000,0.116223,0.136818,-11.561838,0.176104,-0.150365,0.000000,76880.902518,0.892761,0.000018,347.220687,5.000000,5.000000,73.166171,9.212863,27.230493,-68.150289,32.986645,-106.962120,27.230493,40.766299,2356.359873,0.138289,11.561838,0.020356,48179.617875,400428.504562,448608.122437,0.000000,-845.935427
30.600000,792.374081,-408.461097,2226.063339,24.320880,-11.888930,-73.413998,0.117859,-0.069435,0.983466,-0.118673,-0.011292,0.009771,0.000000,-0.185996,0.162510,-9.111851,0.008724,-0.007702,0.000000,0.048164,0.054237,-13.272875,0.057579,-0.050836,0.000000,77289.100072,0.897501,0.000018,347.220687,5.000000,5.000000,78.246195,9.115198,27.071237,-69.758668,32.986581,-106.961878,27.071237,40.764510,2714.110229,0.039943,13.272875,0.000736,55102.203792,392944.032707,448046.236499,-0.000000,-1038.551987
31.200000,806.937157,-415.568724,2180.383016,24.221845,-11.802390,-78.843390,0.110100,-0.069563,0.985267,-0.110854,-0.045060,0.038817,0.000000,-0.194897,0.170434,-9.007965,0.008112,-0.006822,0.000000,-0.003588,-0.002622,-15.112782,0.053536,-0.045026,0.000000,77730.838168,0.902631,0.000018,347.220687,5.000000,5.000000,83.320311,9.011685,26.944279,-71.132429,32.986517,-106.961637,26.944279,40.765976,3099.670546,0.079956,15.112782,0.011672,62480.480380,384880.555898,447361.036278,0.000000,-1259.201705
31.800000,821.430365,-422.615270,2131.460317,24.088801,-11.686071,-84.220808,0.102977,-0.069672,0.986809,-0.103688,-0.010011,0.008650,0.000000,-0.197975,0.172978,-8.894780,-0.018438,0.015708,0.000000,-0.139967,-0.164061,-17.080792,-0.121688,0.103673,0.000000,78206.195601,0.908151,0.000018,347.220687,5.000000,5.000000,88.374086,8.898665,26.773767,-72.364557,32.986454,-106.961397,26.773767,40.764556,3512.705739,0.210916,17.080792,0.000578,70289.812286,376244.735752,446534.548038,-0.000000,-1509.499387
32.400000,835.849875,-429.597402,2079.334687,23.971313,-11.583382,-89.521083,0.095911,-0.069773,0.988235,-0.096567,-0.031092,0.026802,0.000000,-0.237187,0.207410,-8.788383,0.055667,-0.047804,0.000000,0.337739,0.393498,-19.179147,0.367404,-0.315505,0.000000,78715.261645,0.914062,0.000018,347.220687,5.000000,5.000000,93.396054,8.794029,26.623271,-73.437698,32.986391,-106.961158,26.623271,40.766058,3952.836643,0.522612,19.179147,0.005561,78505.412141,367043.535187,445548.947328,0.000000,-1791.256629
33.000000,850.189539,-436.509731,2024.047575,23.832883,-11.462381,-94.754553,0.091454,-0.069832,0.989081,-0.092084,-0.017501,0.015074,0.000000,-0.202431,0.176893,-8.647744,-0.061550,0.052931,0.000000,-0.451766,-0.525277,-21.402918,-0.406229,0.349346,0.000000,79258.131996,0.920366,0.000018,347.220687,5.000000,5.000000,98.375901,8.651921,26.446030,-74.405563,32.986329,-106.960921,26.446030,40.764769,4419.650628,0.692076,21.402918,0.001761,87100.361986,357284.270811,444384.632796,0.000000,-2105.531372
33.600000,864.448992,-443.351950,1965.644881,23.691384,-11.338679,-99.910101,0.085261,-0.069911,0.990189,-0.085847,-0.012110,0.010461,0.000000,-0.255781,0.223589,-8.531424,0.042817,-0.036908,0.000000,0.275758,0.319960,-23.750849,0.282592,-0.243590,0.000000,79834.883270,0.927064,0.000018,347.220687,5.000000,5.000000,103.304770,8.538186,26.264945,-75.271019,32.986267,-106.960685,26.264945,40.765366,4912.671765,0.431554,23.750849,0.000845,96046.881146,346975.044671,443021.925817,-0.000000,-2453.576040
34.200000,878.621020,-450.117749,1904.172596,23.549080,-11.214299,-104.983277,0.081007,-0.069961,0.990905,-0.081562,-0.021849,0.018828,0.000000,-0.255753,0.223604,-8.390055,0.017841,-0.015276,0.000000,0.084283,0.098724,-26.221282,0.117752,-0.100819,0.000000,80445.614299,0.934156,0.000018,347.220687,5.000000,5.000000,108.174896,8.396930,26.082939,-76.047452,32.986206,-106.960450,26.082939,40.765637,5431.395699,0.121331,26.221282,0.002745,105316.275973,336123.975432,441440.251405,0.000000,-2836.484502
34.800000,892.702986,-456.804818,1839.680743,23.393364,-11.078184,-109.974023,0.077223,-0.070004,0.991510,-0.077755,-0.014650,0.012621,0.000000,-0.245730,0.214771,-8.239417,-0.035140,0.030230,0.000000,-0.268909,-0.312544,-28.812323,-0.231925,0.199518,0.000000,81090.405780,0.941643,0.000018,347.220687,5.000000,5.000000,112.979031,8.245878,25.883888,-76.755705,32.986146,-106.960217,25.883888,40.765044,5975.247841,0.411063,28.812323,0.001234,114878.353636,324739.892864,439618.246500,0.000000,-3255.188338
35.400000,906.691628,-463.410314,1772.221455,23.232076,-10.937190,-114.875842,0.073134,-0.070048,0.992131,-0.073637,-0.009340,0.008059,0.000000,-0.270192,0.236158,-8.092590,-0.002081,0.001735,0.000000,-0.031914,-0.037550,-31.521858,-0.013736,0.011451,0.000000,81769.337405,0.949527,0.000018,347.220687,5.000000,5.000000,117.710707,8.100542,25.677840,-77.399978,32.986087,-106.959985,25.677840,40.765126,6543.599833,0.062531,31.521858,0.000502,124702.295358,312831.999588,437534.294945,-0.000000,-3710.460220
36.000000,920.582422,-469.930278,1701.848857,23.067300,-10.793156,-119.684351,0.069508,-0.070084,0.992653,-0.069985,-0.011184,0.009648,0.000000,-0.290861,0.254263,-7.937926,0.023686,-0.020389,0.000000,0.140423,0.163190,-34.347560,0.156330,-0.134568,0.000000,82482.487378,0.957808,0.000018,347.220687,5.000000,5.000000,122.363951,7.947321,25.467480,-77.987274,32.986028,-106.959755,25.467480,40.765408,7135.765318,0.215630,34.347560,0.000720,134756.428991,300409.849751,435166.278741,0.000000,-4202.903183
36.600000,934.371549,-476.361371,1628.619605,22.896026,-10.643443,-124.396626,0.066399,-0.070115,0.993080,-0.066855,-0.012527,0.010799,0.000000,-0.297095,0.259719,-7.773080,0.014249,-0.012237,0.000000,0.071290,0.083128,-37.286802,0.094043,-0.080765,0.000000,83229.925136,0.966488,0.000018,347.220687,5.000000,5.000000,126.933177,7.783090,25.248978,-78.526452,32.985970,-106.959527,25.248978,40.765431,7750.992875,0.107810,37.286802,0.000903,145008.283727,287483.444169,432491.727896,-0.000000,-4732.932287
37.200000,948.055535,-482.700557,1552.592692,22.717717,-10.487580,-129.009069,0.063540,-0.070141,0.993454,-0.063976,-0.011627,0.010020,0.000000,-0.301431,0.263497,-7.601772,0.000082,-0.000050,0.000000,-0.025308,-0.029177,-40.336657,0.000540,-0.000331,0.000000,84011.711291,0.975566,0.000018,347.220687,5.000000,5.000000,131.413180,7.612307,25.021671,-79.023604,32.985913,-106.959300,25.021671,40.765342,8388.464495,0.034864,40.336657,0.000777,155424.815035,274063.196181,429488.011216,0.000000,-5300.768406
37.800000,961.630823,-488.944728,1473.829275,22.533213,-10.326299,-133.517844,0.060840,-0.070165,0.993793,-0.061258,-0.010183,0.008776,0.000000,-0.309196,0.270276,-7.425465,-0.005260,0.004535,0.000000,-0.059690,-0.069250,-43.493882,-0.034718,0.029928,0.000000,84827.897318,0.985044,0.000018,347.220687,5.000000,5.000000,135.799090,7.436813,24.786652,-79.483164,32.985857,-106.959075,24.786652,40.765277,9047.294454,0.093116,43.493882,0.000596,165972.535972,260159.901526,426132.437499,0.000000,-5906.429545
38.400000,975.093853,-495.090771,1392.392643,22.343029,-10.160054,-137.919339,0.058310,-0.070186,0.994097,-0.058711,-0.009131,0.007870,0.000000,-0.318656,0.278542,-7.243858,-0.005754,0.004952,0.000000,-0.061455,-0.071368,-46.754863,-0.037977,0.032686,0.000000,85678.523836,0.994922,0.000018,347.220687,5.000000,5.000000,140.086336,7.256212,24.544605,-79.909089,32.985802,-106.958852,24.544605,40.765256,9726.527879,0.093958,46.754863,0.000480,176617.635034,245784.731588,422402.366622,0.000000,-6549.717507
39.000000,988.441162,-501.135659,1308.348163,22.147273,-9.988938,-142.210168,0.055952,-0.070206,0.994368,-0.056337,-0.008372,0.007216,0.000000,-0.328288,0.286961,-7.056790,-0.005118,0.004403,0.000000,-0.056036,-0.065096,-50.115660,-0.033782,0.029058,0.000000,86563.618898,1.005199,0.000018,347.220687,5.000000,5.000000,144.270622,7.070247,24.295691,-80.304987,32.985747,-106.958631,24.295691,40.765256,10425.139463,0.085729,50.115660,0.000403,187326.111829,230949.225218,418275.337046,0.000000,-7230.217451
39.600000,1001.669391,-507.076456,1221.763206,21.946044,-9.813039,-146.387085,0.053756,-0.070223,0.994611,-0.054126,-0.007751,0.006681,0.000000,-0.337197,0.294748,-6.864311,-0.005549,0.004773,0.000000,-0.058169,-0.067578,-53.571900,-0.036624,0.031501,0.000000,87483.196568,1.015878,0.000018,347.220687,5.000000,5.000000,148.347913,6.878906,24.040062,-80.673984,32.985694,-106.958412,24.040062,40.765255,11142.033214,0.089134,53.571900,0.000346,198063.930501,215665.274510,413729.205010,0.000000,-7947.279517
40.200000,1014.775298,-512.910328,1132.707081,21.739483,-9.632478,-150.446988,0.051698,-0.070238,0.994830,-0.052053,-0.007190,0.006198,0.000000,-0.346210,0.302626,-6.666862,-0.005000,0.004299,0.000000,-0.053618,-0.062306,-57.118851,-0.033003,0.028374,0.000000,88437.255241,1.026957,0.000018,347.220687,5.000000,5.000000,152.314431,6.682701,23.777926,-81.018776,32.985641,-106.958195,23.777926,40.765253,11876.042830,0.082202,57.118851,0.000297,208797.173831,199945.114041,408742.287872,-0.000000,-8700.025358
40.800000,1027.755727,-518.634517,1041.250836,21.527817,-9.447455,-154.386924,0.049770,-0.070252,0.995026,-0.050112,-0.006795,0.005858,0.000000,-0.354588,0.309950,-6.464583,-0.005196,0.004469,0.000000,-0.054556,-0.063380,-60.751356,-0.034294,0.029496,0.000000,89425.777432,1.038436,0.000018,347.220687,5.000000,5.000000,156.166654,6.481715,23.509600,-81.341677,32.985590,-106.957981,23.509600,40.765256,12625.933747,0.083338,60.751356,0.000266,219492.213641,183801.285243,403293.498884,-0.000000,-9487.335969
41.400000,1040.607648,-524.246373,947.467312,21.311220,-9.258121,-158.204131,0.047958,-0.070265,0.995205,-0.048287,-0.006529,0.005627,0.000000,-0.362649,0.316999,-6.257852,-0.005320,0.004580,0.000000,-0.055314,-0.064226,-64.463838,-0.035113,0.030227,0.000000,90448.726816,1.050314,0.000018,347.220687,5.000000,5.000000,159.901307,6.276361,23.235337,-81.644741,32.985539,-106.957768,23.235337,40.765262,13390.403936,0.084839,64.463838,0.000245,230115.852927,167246.645611,397362.498538,0.000000,-10307.852015
42.000000,1053.328143,-529.743346,851.430924,21.089899,-9.064659,-161.896034,0.046244,-0.070276,0.995367,-0.046562,-0.006444,0.005555,0.000000,-0.371177,0.324456,-6.047140,-0.003391,0.002924,0.000000,-0.042525,-0.049325,-68.250321,-0.022379,0.019297,0.000000,91506.048069,1.062592,0.000018,347.220687,5.000000,5.000000,163.515374,6.067203,22.955432,-81.929759,32.985490,-106.957557,22.955432,40.765278,14168.087369,0.064984,68.250321,0.000239,240635.498195,150294.331243,390929.829438,-0.000000,-11159.976749
42.600000,1065.914422,-535.122997,753.217573,20.864001,-8.867195,-165.460276,0.044616,-0.070287,0.995516,-0.044923,-0.006207,0.005351,0.000000,-0.380719,0.332801,-5.832884,0.001846,-0.001582,0.000000,-0.006634,-0.007610,-72.104397,0.012180,-0.010438,0.000000,92597.665472,1.075268,0.000018,347.220687,5.000000,5.000000,167.006098,5.854762,22.670106,-82.198346,32.985442,-106.957349,22.670106,40.765300,14957.558198,0.013279,72.104397,0.000222,251019.330364,132957.739960,383977.070324,0.000000,-12041.873977
43.200000,1078.363821,-540.382998,652.904513,20.633619,-8.665811,-168.894732,0.043073,-0.070296,0.995652,-0.043369,-0.005653,0.004874,0.000000,-0.390144,0.341042,-5.615257,0.007598,-0.006537,0.000000,0.033840,0.039381,-76.019259,0.050149,-0.043143,0.000000,93723.481848,1.088342,0.000018,347.220687,5.000000,5.000000,170.370986,5.639116,22.379511,-82.451955,32.985394,-106.957143,22.379511,40.765312,15757.334680,0.051546,76.019259,0.000184,261236.455967,115250.508822,376486.964790,-0.000000,-12951.476147
43.800000,1090.673795,-545.521123,550.570217,20.398969,-8.460697,-172.197485,0.041626,-0.070305,0.995776,-0.041912,-0.004723,0.004073,0.000000,-0.396900,0.346943,-5.394253,0.007620,-0.006565,0.000000,0.036527,0.042411,-79.987737,0.050292,-0.043330,0.000000,94883.377661,1.101811,0.000018,347.220687,5.000000,5.000000,173.607820,5.419950,22.083961,-82.691831,32.985348,-106.956939,22.083961,40.765294,16565.885169,0.056910,79.987737,0.000128,271257.078008,97186.489585,368443.567593,-0.000000,-13886.496630
44.400000,1102.841948,-550.535279,446.294234,20.160600,-8.252332,-175.366818,0.040279,-0.070313,0.995887,-0.040556,-0.004158,0.003585,0.000000,-0.399197,0.348944,-5.170059,-0.002126,0.001821,0.000000,-0.028556,-0.033223,-84.002302,-0.014030,0.012022,0.000000,96077.210135,1.115674,0.000018,347.220687,5.000000,5.000000,176.714661,5.197175,21.784187,-82.918952,32.985303,-106.956737,21.784187,40.765260,17381.633785,0.039036,84.002302,0.000099,281052.643705,78779.724225,359832.367930,-0.000000,-14844.438307
45.000000,1114.866068,-555.423531,340.157041,19.919067,-8.041202,-178.401278,0.038992,-0.070320,0.995989,-0.039260,-0.004688,0.004041,0.000000,-0.402431,0.351773,-4.943986,-0.008050,0.006933,0.000000,-0.071313,-0.082792,-88.054829,-0.053131,0.045755,0.000000,97304.812534,1.129929,0.000018,347.220687,5.000000,5.000000,179.689861,4.972795,21.480926,-83.134188,32.985259,-106.956538,21.480926,40.765261,18202.969114,0.108872,88.054829,0.000126,290596.016385,60044.418828,350640.435213,-0.000000,-15822.560080
45.600000,1126.744119,-560.184101,232.239888,19.674117,-7.827085,-181.299792,0.037724,-0.070327,0.996087,-0.037983,-0.004947,0.004265,0.000000,-0.412177,0.360300,-4.717206,0.002929,-0.002515,0.000000,0.002137,0.002572,-92.138201,0.019333,-0.016598,0.000000,98565.993639,1.144574,0.000018,347.220687,5.000000,5.000000,182.532049,4.748867,21.173902,-83.338635,32.985216,-106.956341,21.173902,40.765297,19028.247828,0.015666,92.138201,0.000141,299861.539894,40994.915273,340856.455167,0.000000,-16818.174615
46.200000,1138.474133,-564.815268,122.624619,19.425543,-7.609799,-184.061571,0.036524,-0.070333,0.996177,-0.036775,-0.003892,0.003356,0.000000,-0.419185,0.366422,-4.488987,0.007742,-0.006672,0.000000,0.038431,0.044605,-96.240859,0.051098,-0.044036,0.000000,99860.537449,1.159607,0.000018,347.220687,5.000000,5.000000,185.240176,4.523382,20.862904,-83.533271,32.985175,-106.956147,20.862904,40.765285,19855.811049,0.058193,96.240859,0.000087,308825.304817,21645.660927,330470.965744,-0.000000,-17827.673614
46.800000,1150.054328,-569.315473,11.393598,19.174543,-7.390393,-186.685760,0.035425,-0.070339,0.996256,-0.035669,-0.003796,0.003272,0.000000,-0.417680,0.365101,-4.257796,-0.006915,0.005951,0.000000,-0.061488,-0.071417,-100.376967,-0.045639,0.039278,0.000000,101188.185626,1.175024,0.000018,347.220687,5.000000,5.000000,187.813348,4.293784,20.549477,-83.718443,32.985134,-106.955956,20.549477,40.765254,20683.949876,0.093840,100.376967,0.000083,317464.678423,2011.194422,319475.872844,0.000000,-18852.133181
