# Time (s), X (m), Y (m), Z (m), Vx (m/s), Vy (m/s), Vz (m/s), e0, e1, e2, e3, ω1 (rad/s), ω2 (rad/s), ω3 (rad/s)
0.000000,0.000000,0.000000,1471.466078,0.000000,0.000000,0.000000,0.704416,-0.061628,0.061628,-0.704416,0.000000,0.000000,0.000000
0.550000,1.676289,0.001132,1480.794259,6.619556,0.009687,35.688846,0.704349,-0.061448,0.062390,-0.704432,-0.009617,0.014821,0.000000
1.100000,7.321939,-0.050853,1510.092718,14.012489,-0.359003,70.704621,0.702970,-0.060288,0.077235,-0.704439,-0.064236,0.062464,0.000000
1.650000,17.329705,-0.641943,1558.439597,22.638003,-1.977031,104.961510,0.700839,-0.064428,0.098158,-0.703590,-0.034943,0.003382,0.000000
2.200000,32.324274,-2.238358,1625.364652,31.761039,-3.726647,138.185865,0.701237,-0.065361,0.094950,-0.703548,0.003405,0.015802,0.000000
2.750000,52.193959,-4.781090,1710.160382,40.562022,-5.638714,169.805145,0.700089,-0.065494,0.104825,-0.703276,-0.004580,-0.004139,0.000000
3.300000,76.873052,-8.429310,1811.712659,49.083179,-7.651271,199.058329,0.699613,-0.064587,0.108528,-0.703273,-0.022681,0.016850,0.000000
3.850000,105.807457,-13.140438,1927.378863,55.147648,-9.234025,217.668875,0.699097,-0.064020,0.112516,-0.703210,-0.017936,0.016767,0.000000
4.400000,136.733388,-18.385247,2047.915516,56.745515,-9.678943,218.479423,0.698532,-0.063388,0.116783,-0.703134,-0.013752,0.014208,0.000000
4.950000,167.776938,-23.659627,2165.950995,56.090628,-9.478393,210.589724,0.698253,-0.063425,0.118948,-0.703044,-0.010867,0.010817,0.000000
5.500000,198.444412,-28.816534,2279.600406,55.431292,-9.270260,202.721351,0.697958,-0.063518,0.121229,-0.702939,-0.009780,0.009378,0.000000
6.050000,228.762566,-33.861222,2388.984249,54.821373,-9.072196,195.074245,0.697637,-0.063672,0.123701,-0.702813,-0.009194,0.008427,0.000000
6.600000,258.757325,-38.799150,2494.218193,54.256187,-8.883749,187.626855,0.697282,-0.063891,0.126409,-0.702664,-0.008655,0.007438,0.000000
7.150000,288.452123,-43.635418,2595.406944,53.731378,-8.704084,180.361130,0.696888,-0.064179,0.129382,-0.702487,-0.008489,0.006842,0.000000
7.700000,317.865867,-48.380497,2692.645944,53.236075,-8.548442,173.260851,0.696731,-0.067231,0.131536,-0.701957,-0.012962,-0.002186,0.000000
8.250000,347.017072,-53.040472,2786.021136,52.771342,-8.404322,166.308853,0.696490,-0.069896,0.134081,-0.701454,-0.016335,-0.005759,0.000000
8.800000,375.920897,-57.624303,2875.610402,52.336306,-8.268957,159.492203,0.696237,-0.072907,0.136730,-0.700887,-0.015761,-0.000888,0.000000
9.350000,404.591603,-62.139381,2961.485417,51.925926,-8.148809,152.800518,0.695982,-0.076526,0.139496,-0.700210,-0.015989,0.000339,0.000000
9.900000,433.043026,-66.591344,3043.712243,51.537787,-8.042162,146.224532,0.695642,-0.080073,0.142690,-0.699507,-0.018707,-0.002328,0.000000
10.450000,461.287664,-70.986525,3122.351924,51.173029,-7.942805,139.755137,0.695245,-0.083781,0.146171,-0.698749,-0.019678,-0.000436,0.000000
11.000000,489.337070,-75.330539,3197.460983,50.828196,-7.854570,133.384553,0.694801,-0.087973,0.149938,-0.697876,-0.021682,-0.000936,0.000000
11.550000,517.201436,-79.628793,3269.091821,50.500483,-7.776444,127.105453,0.694286,-0.092995,0.154182,-0.696811,-0.025426,-0.002454,0.000000
12.100000,544.891346,-83.885562,3337.292312,50.192184,-7.704517,120.910063,0.693679,-0.098093,0.158772,-0.695685,-0.026545,-0.001118,0.000000
12.650000,572.415597,-88.105445,3402.107279,49.899265,-7.641242,114.793065,0.692963,-0.103838,0.163893,-0.694376,-0.029443,-0.001523,0.000000
13.200000,599.783564,-92.291924,3463.577911,49.622725,-7.583692,108.748265,0.692115,-0.109751,0.169492,-0.692967,-0.031725,-0.000691,0.000000
13.750000,627.003188,-96.448774,3521.742710,49.360449,-7.532832,102.770746,0.691113,-0.116329,0.175721,-0.691341,-0.035113,-0.000788,0.000000
14.300000,654.082772,-100.578867,3576.637085,49.112863,-7.486667,96.855208,0.689926,-0.123289,0.182582,-0.689540,-0.038087,0.000067,0.000000
14.850000,681.029657,-104.685127,3628.294043,48.878070,-7.445906,90.997468,0.688515,-0.130919,0.190223,-0.687476,-0.042441,0.000120,0.000000
15.400000,707.851114,-108.770032,3676.744011,48.656574,-7.408934,85.192769,0.686838,-0.139211,0.198699,-0.685122,-0.046428,0.000994,0.000000
15.950000,734.554006,-112.835735,3722.015158,48.446754,-7.376116,79.437493,0.684830,-0.148215,0.208151,-0.682431,-0.051773,0.001450,0.000000
16.500000,761.144686,-116.884365,3764.133568,48.248570,-7.346642,73.727599,0.682425,-0.158165,0.218713,-0.679297,-0.057555,0.002146,0.000000
17.050000,787.629449,-120.917515,3803.123196,48.061429,-7.319340,68.059594,0.679528,-0.169036,0.230526,-0.675668,-0.064057,0.003626,0.000000
17.600000,814.014256,-124.934574,3839.006259,47.885019,-7.288102,62.430414,0.675762,-0.180155,0.244515,-0.671641,-0.071193,0.012494,0.000000
18.150000,840.304675,-128.935808,3871.803099,47.717975,-7.263470,56.836413,0.670939,-0.191572,0.260982,-0.667105,-0.080101,0.013341,0.000000
18.700000,866.505665,-132.925340,3901.532237,47.559868,-7.243873,51.274743,0.665449,-0.205175,0.278644,-0.661391,-0.090676,0.009922,0.000000
19.250000,892.622198,-136.903522,3928.210822,47.410824,-7.221723,45.743084,0.658938,-0.220762,0.298068,-0.654385,-0.102312,0.012966,0.000000
19.800000,918.659113,-140.869170,3951.854645,47.270191,-7.199209,40.238787,0.650741,-0.237521,0.320355,-0.646137,-0.115448,0.018301,0.000000
20.350000,944.620809,-144.823331,3972.478022,47.137217,-7.180217,34.759238,0.640612,-0.255876,0.345497,-0.636220,-0.130551,0.020289,0.000000
20.900000,970.511407,-148.767896,3990.093932,47.011641,-7.163869,29.302190,0.628430,-0.276572,0.373123,-0.623989,-0.147422,0.020565,0.000000
21.450000,996.334970,-152.703614,4004.714173,46.893456,-7.147745,23.865544,0.613759,-0.299669,0.403285,-0.608982,-0.165500,0.022556,0.000000
22.000000,1022.095543,-156.630357,4016.349356,46.782550,-7.131325,18.447031,0.595924,-0.324710,0.436198,-0.590906,-0.184083,0.026614,0.000000
22.550000,1047.797057,-160.548212,4025.008762,46.678632,-7.115643,13.044083,0.574365,-0.351212,0.471666,-0.569461,-0.202125,0.030843,0.000000
23.100000,1073.443228,-164.457865,4030.700190,46.581196,-7.101580,7.653837,0.548883,-0.378739,0.508888,-0.544353,-0.217927,0.033635,0.000000
23.650000,1099.037393,-168.360229,4033.429739,46.489315,-7.089042,2.273232,0.519706,-0.406664,0.546586,-0.515537,-0.229099,0.034686,0.000000
24.200000,1124.582144,-172.255924,4033.199097,46.401327,-7.077168,-3.100655,0.487521,-0.433998,0.583234,-0.483535,-0.232922,0.034550,0.000000
24.750000,1150.079032,-176.145045,4030.017007,46.314760,-7.065003,-8.469881,0.453488,-0.459505,0.617306,-0.449598,-0.227347,0.033750,0.000000
25.300000,1175.526726,-180.027074,4023.883388,46.042501,-7.025762,-13.743715,0.419679,-0.481731,0.647108,-0.416026,-0.212582,0.032377,0.000000
25.850000,1198.857574,-183.606914,4015.911262,37.806157,-5.850178,-14.517669,0.413902,-0.485230,0.651827,-0.410320,-0.209224,0.032060,0.000000
26.400000,1217.700128,-186.545480,4007.831066,31.142900,-4.896624,-14.940352,0.413902,-0.485230,0.651827,-0.410320,-0.209224,0.032060,0.000000
26.950000,1233.470795,-189.043690,3999.418685,26.448459,-4.222274,-15.685635,0.413902,-0.485230,0.651827,-0.410320,-0.209224,0.032060,0.000000
27.500000,1247.003350,-191.219695,3990.551130,22.911260,-3.711733,-16.573644,0.413902,-0.485230,0.651827,-0.410320,-0.209224,0.032060,0.000000
28.050000,1258.807376,-193.145527,3981.180575,20.112311,-3.305345,-17.501601,0.413902,-0.485230,0.651827,-0.410320,-0.209224,0.032060,0.000000
28.600000,1269.218790,-194.868473,3971.303792,17.818271,-2.969832,-18.406227,0.413902,-0.485230,0.651827,-0.410320,-0.209224,0.032060,0.000000
29.150000,1278.474359,-196.421669,3960.945231,15.891214,-2.685496,-19.248512,0.413902,-0.485230,0.651827,-0.410320,-0.209224,0.032060,0.000000
29.700000,1286.750650,-197.829649,3950.145933,14.246233,-2.440199,-20.006434,0.413902,-0.485230,0.651827,-0.410320,-0.209224,0.032060,0.000000
30.250000,1294.186670,-199.111580,3938.955470,12.828127,-2.226061,-20.670126,0.413902,-0.485230,0.651827,-0.410320,-0.209224,0.032060,0.000000
30.800000,1300.896217,-200.283038,3927.426364,11.599022,-2.037701,-21.238387,0.413902,-0.485230,0.651827,-0.410320,-0.209224,0.032060,0.000000
31.350000,1306.975003,-201.357037,3915.609983,10.531254,-1.871216,-21.715856,0.413902,-0.485230,0.651827,-0.410320,-0.209224,0.032060,0.000000
31.900000,1312.505941,-202.344794,3903.554151,9.602799,-1.723529,-22.110437,0.413902,-0.485230,0.651827,-0.410320,-0.209224,0.032060,0.000000
32.450000,1317.560468,-203.255930,3891.301856,8.795906,-1.592187,-22.431893,0.413902,-0.485230,0.651827,-0.410320,-0.209224,0.032060,0.000000
33.000000,1322.201051,-204.098830,3878.890557,8.095355,-1.475105,-22.690426,0.413902,-0.485230,0.651827,-0.410320,-0.209224,0.032060,0.000000
33.550000,1326.482470,-204.880836,3866.352104,7.487824,-1.370474,-22.895827,0.413902,-0.485230,0.651827,-0.410320,-0.209224,0.032060,0.000000
34.100000,1330.452585,-205.608348,3853.713177,6.961571,-1.276707,-23.057084,0.413902,-0.485230,0.651827,-0.410320,-0.209224,0.032060,0.000000
34.650000,1334.153204,-206.286952,3840.995871,6.506201,-1.192409,-23.182176,0.413902,-0.485230,0.651827,-0.410320,-0.209224,0.032060,0.000000
35.200000,1337.620720,-206.921508,3828.218141,6.112516,-1.116346,-23.277941,0.413902,-0.485230,0.651827,-0.410320,-0.209224,0.032060,0.000000
35.750000,1340.886858,-207.516246,3815.394498,5.772370,-1.047417,-23.350114,0.413902,-0.485230,0.651827,-0.410320,-0.209224,0.032060,0.000000
36.300000,1343.978960,-208.074829,3802.536502,5.478645,-0.984695,-23.403461,0.413902,-0.485230,0.651827,-0.410320,-0.209224,0.032060,0.000000
36.850000,1346.920829,-208.600056,3789.653426,5.225167,-0.926205,-23.441902,0.413902,-0.485230,0.651827,-0.410320,-0.209224,0.032060,0.000000
37.400000,1349.733193,-209.093114,3776.752614,5.006741,-0.867330,-23.468569,0.413902,-0.485230,0.651827,-0.410320,-0.209224,0.032060,0.000000
37.950000,1352.434006,-209.551800,3763.839754,4.819194,-0.799884,-23.485882,0.413902,-0.485230,0.651827,-0.410320,-0.209224,0.032060,0.000000
38.500000,1355.039154,-209.971609,3750.919461,4.658189,-0.725780,-23.495927,0.413902,-0.485230,0.651827,-0.410320,-0.209224,0.032060,0.000000
39.050000,1357.562176,-210.349231,3737.995259,4.520002,-0.646594,-23.500330,0.413902,-0.485230,0.651827,-0.410320,-0.209224,0.032060,0.000000
39.600000,1360.014842,-210.682044,3725.069937,4.401420,-0.563052,-23.500389,0.413902,-0.485230,0.651827,-0.410320,-0.209224,0.032060,0.000000
40.150000,1362.406976,-210.967870,3712.145548,4.299752,-0.475763,-23.497078,0.413902,-0.485230,0.651827,-0.410320,-0.209224,0.032060,0.000000
40.700000,1364.747347,-211.204769,3699.223747,4.212589,-0.385272,-23.491191,0.413902,-0.485230,0.651827,-0.410320,-0.209224,0.032060,0.000000
41.250000,1367.043474,-211.391084,3686.305795,4.137859,-0.292049,-23.483340,0.413902,-0.485230,0.651827,-0.410320,-0.209224,0.032060,0.000000
41.800000,1369.301383,-211.525496,3673.392487,4.073898,-0.196468,-23.473921,0.413902,-0.485230,0.651827,-0.410320,-0.209224,0.032060,0.000000
42.350000,1371.526645,-211.606789,3660.484549,4.019165,-0.098879,-23.463299,0.413902,-0.485230,0.651827,-0.410320,-0.209224,0.032060,0.000000
42.900000,1373.723864,-211.633963,3647.582589,3.972386,0.000432,-23.451787,0.413902,-0.485230,0.651827,-0.410320,-0.209224,0.032060,0.000000
43.450000,1375.897341,-211.606090,3634.687161,3.932370,0.101195,-23.439675,0.413902,-0.485230,0.651827,-0.410320,-0.209224,0.032060,0.000000
44.000000,1378.050460,-211.522444,3621.798593,3.898179,0.203198,-23.427140,0.413902,-0.485230,0.651827,-0.410320,-0.209224,0.032060,0.000000
44.550000,1380.186228,-211.382387,3608.917120,3.868979,0.306253,-23.414311,0.413902,-0.485230,0.651827,-0.410320,-0.209224,0.032060,0.000000
45.100000,1382.307166,-211.185391,3596.042864,3.844068,0.410204,-23.401258,0.413902,-0.485230,0.651827,-0.410320,-0.209224,0.032060,0.000000
45.650000,1384.415389,-210.931020,3583.175853,3.822859,0.514918,-23.388001,0.413902,-0.485230,0.651827,-0.410320,-0.209224,0.032060,0.000000
46.200000,1386.512807,-210.618882,3570.316126,3.804822,0.620277,-23.374570,0.413902,-0.485230,0.651827,-0.410320,-0.209224,0.032060,0.000000
46.750000,1388.600984,-210.248663,3557.463753,3.789520,0.726183,-23.361012,0.413902,-0.485230,0.651827,-0.410320,-0.209224,0.032060,0.000000
47.300000,1390.681415,-209.820065,3544.618805,3.776538,0.832543,-23.347374,0.413902,-0.485230,0.651827,-0.410320,-0.209224,0.032060,0.000000
47.850000,1392.755289,-209.332856,3531.781349,3.765545,0.939282,-23.333703,0.413902,-0.485230,0.651827,-0.410320,-0.209224,0.032060,0.000000
48.400000,1394.823636,-208.786844,3518.951448,3.756256,1.046336,-23.320046,0.413902,-0.485230,0.651827,-0.410320,-0.209224,0.032060,0.000000
48.950000,1396.887367,-208.181858,3506.129135,3.748415,1.153648,-23.306428,0.413902,-0.485230,0.651827,-0.410320,-0.209224,0.032060,0.000000
49.500000,1398.947150,-207.517786,3493.314373,3.741836,1.261176,-23.292840,0.413902,-0.485230,0.651827,-0.410320,-0.209224,0.032060,0.000000
50.050000,1401.003614,-206.794522,3480.507117,3.736346,1.368882,-23.279268,0.413902,-0.485230,0.651827,-0.410320,-0.209224,0.032060,0.000000
50.600000,1403.057315,-206.011981,3467.707331,3.731788,1.476731,-23.265701,0.413902,-0.485230,0.651827,-0.410320,-0.209224,0.032060,0.000000
51.150000,1405.108771,-205.170087,3454.914984,3.728018,1.584692,-23.252134,0.413902,-0.485230,0.651827,-0.410320,-0.209224,0.032060,0.000000
51.700000,1407.158421,-204.268780,3442.130056,3.724914,1.692737,-23.238567,0.413902,-0.485230,0.651827,-0.410320,-0.209224,0.032060,0.000000
52.250000,1409.206526,-203.308031,3429.352561,3.722402,1.800850,-23.225016,0.413902,-0.485230,0.651827,-0.410320,-0.209224,0.032060,0.000000
52.800000,1411.253341,-202.287817,3416.582507,3.720412,1.909015,-23.211493,0.413902,-0.485230,0.651827,-0.410320,-0.209224,0.032060,0.000000
53.350000,1413.299154,-201.208108,3403.819884,3.718863,2.017213,-23.198004,0.413902,-0.485230,0.651827,-0.410320,-0.209224,0.032060,0.000000
53.900000,1415.344218,-200.068884,3391.064674,3.717685,2.125430,-23.184550,0.413902,-0.485230,0.651827,-0.410320,-0.209224,0.032060,0.000000
54.450000,1417.388741,-198.870143,3378.316855,3.716819,2.233654,-23.171129,0.413902,-0.485230,0.651827,-0.410320,-0.209224,0.032060,0.000000
55.000000,1419.432878,-197.611884,3365.576406,3.716223,2.341873,-23.157740,0.413902,-0.485230,0.651827,-0.410320,-0.209224,0.032060,0.000000
55.550000,1421.476741,-196.294115,3352.843312,3.715864,2.450081,-23.144382,0.413902,-0.485230,0.651827,-0.410320,-0.209224,0.032060,0.000000
56.100000,1423.520441,-194.916841,3340.117557,3.715709,2.558269,-23.131056,0.413902,-0.485230,0.651827,-0.410320,-0.209224,0.032060,0.000000
56.650000,1425.564080,-193.480072,3327.399124,3.715732,2.666433,-23.117760,0.413902,-0.485230,0.651827,-0.410320,-0.209224,0.032060,0.000000
57.200000,1427.607754,-191.983823,3314.687995,3.715910,2.774571,-23.104495,0.413902,-0.485230,0.651827,-0.410320,-0.209224,0.032060,0.000000
57.750000,1429.651557,-190.428108,3301.984154,3.716221,2.882681,-23.091261,0.413902,-0.485230,0.651827,-0.410320,-0.209224,0.032060,0.000000
58.300000,1431.695561,-188.812948,3289.287582,3.716638,2.990753,-23.078057,0.413902,-0.485230,0.651827,-0.410320,-0.209224,0.032060,0.000000
58.850000,1433.739818,-187.138365,3276.598262,3.717130,3.098768,-23.064883,0.413902,-0.485230,0.651827,-0.410320,-0.209224,0.032060,0.000000
59.400000,1435.784379,-185.404384,3263.916176,3.717668,3.206710,-23.051738,0.413902,-0.485230,0.651827,-0.410320,-0.209224,0.032060,0.000000
59.950000,1437.829278,-183.611034,3251.241309,3.718257,3.314592,-23.038623,0.413902,-0.485230,0.651827,-0.410320,-0.209224,0.032060,0.000000
60.500000,1439.874541,-181.758347,3238.573643,3.718937,3.422453,-23.025540,0.413902,-0.485230,0.651827,-0.410320,-0.209224,0.032060,0.000000
61.050000,1441.920187,-179.846354,3225.913163,3.719750,3.530334,-23.012490,0.413902,-0.485230,0.651827,-0.410320,-0.209224,0.032060,0.000000
61.600000,1443.966237,-177.875092,3213.259852,3.720712,3.638256,-22.999476,0.413902,-0.485230,0.651827,-0.410320,-0.209224,0.032060,0.000000
62.150000,1446.012675,-175.844615,3200.613699,3.721672,3.746089,-22.986490,0.413902,-0.485230,0.651827,-0.410320,-0.209224,0.032060,0.000000
62.700000,1448.059474,-173.754986,3187.974693,3.722404,3.853642,-22.973522,0.413902,-0.485230,0.651827,-0.410320,-0.209224,0.032060,0.000000
63.250000,1450.106605,-171.606267,3175.342824,3.722680,3.960718,-22.960563,0.413902,-0.485230,0.651827,-0.410320,-0.209224,0.032060,0.000000
63.800000,1452.153743,-169.398793,3162.718090,3.721684,4.066610,-22.947577,0.413902,-0.485230,0.651827,-0.410320,-0.209224,0.032060,0.000000
64.350000,1454.199610,-167.133743,3150.100521,3.717824,4.169931,-22.934494,0.413902,-0.485230,0.651827,-0.410320,-0.209224,0.032060,0.000000
64.900000,1456.242718,-164.812442,3137.490165,3.711649,4.271158,-22.921343,0.413902,-0.485230,0.651827,-0.410320,-0.209224,0.032060,0.000000
65.450000,1458.281797,-162.436040,3124.887057,3.703467,4.370563,-22.908143,0.413902,-0.485230,0.651827,-0.410320,-0.209224,0.032060,0.000000
66.000000,1460.315929,-160.005374,3112.291218,3.693551,4.468384,-22.894905,0.413902,-0.485230,0.651827,-0.410320,-0.209224,0.032060,0.000000
66.550000,1462.344196,-157.521286,3099.702666,3.682160,4.564849,-22.881644,0.413902,-0.485230,0.651827,-0.410320,-0.209224,0.032060,0.000000
67.100000,1464.365890,-154.984427,3087.121411,3.669491,4.660131,-22.868368,0.413902,-0.485230,0.651827,-0.410320,-0.209224,0.032060,0.000000
67.650000,1466.380507,-152.395268,3074.547456,3.655688,4.754355,-22.855085,0.413902,-0.485230,0.651827,-0.410320,-0.209224,0.032060,0.000000
68.200000,1468.387411,-149.754406,3061.980804,3.640932,4.847681,-22.841802,0.413902,-0.485230,0.651827,-0.410320,-0.209224,0.032060,0.000000
68.750000,1470.385936,-147.062463,3049.421457,3.625410,4.940273,-22.828528,0.413902,-0.485230,0.651827,-0.410320,-0.209224,0.032060,0.000000
69.300000,1472.375566,-144.319931,3036.869414,3.609270,5.032260,-22.815269,0.413902,-0.485230,0.651827,-0.410320,-0.209224,0.032060,0.000000
69.850000,1474.356054,-141.527058,3024.324664,3.592583,5.123705,-22.802026,0.413902,-0.485230,0.651827,-0.410320,-0.209224,0.032060,0.000000
70.400000,1476.327181,-138.684067,3011.787198,3.575411,5.214663,-22.788802,0.413902,-0.485230,0.651827,-0.410320,-0.209224,0.032060,0.000000
70.950000,1478.288742,-135.791173,2999.257001,3.557815,5.305186,-22.775597,0.413902,-0.485230,0.651827,-0.410320,-0.209224,0.032060,0.000000
71.500000,1480.240547,-132.848576,2986.734062,3.539848,5.395322,-22.762413,0.413902,-0.485230,0.651827,-0.410320,-0.209224,0.032060,0.000000
72.050000,1482.182410,-129.856475,2974.218364,3.521566,5.485119,-22.749249,0.413902,-0.485230,0.651827,-0.410320,-0.209224,0.032060,0.000000
72.600000,1484.114170,-126.815044,2961.709896,3.503015,5.574618,-22.736107,0.413902,-0.485230,0.651827,-0.410320,-0.209224,0.032060,0.000000
73.150000,1486.035684,-123.724443,2949.208645,3.484236,5.663856,-22.722989,0.413902,-0.485230,0.651827,-0.410320,-0.209224,0.032060,0.000000
73.700000,1487.946818,-120.584824,2936.714600,3.465270,5.752867,-22.709897,0.413902,-0.485230,0.651827,-0.410320,-0.209224,0.032060,0.000000
74.250000,1489.847476,-117.396305,2924.227747,3.446146,5.841678,-22.696832,0.413902,-0.485230,0.651827,-0.410320,-0.209224,0.032060,0.000000
74.800000,1491.737576,-114.158992,2911.748072,3.426887,5.930310,-22.683794,0.413902,-0.485230,0.651827,-0.410320,-0.209224,0.032060,0.000000
75.350000,1493.617036,-110.872990,2899.275562,3.407520,6.018784,-22.670786,0.413902,-0.485230,0.651827,-0.410320,-0.209224,0.032060,0.000000
75.900000,1495.485793,-107.538388,2886.810201,3.388063,6.107119,-22.657806,0.413902,-0.485230,0.651827,-0.410320,-0.209224,0.032060,0.000000
76.450000,1497.343814,-104.155249,2874.351973,3.368527,6.195323,-22.644856,0.413902,-0.485230,0.651827,-0.410320,-0.209224,0.032060,0.000000
77.000000,1499.191069,-100.723634,2861.900862,3.348923,6.283406,-22.631935,0.413902,-0.485230,0.651827,-0.410320,-0.209224,0.032060,0.000000
77.550000,1501.027528,-97.243604,2849.456852,3.329260,6.371376,-22.619043,0.413902,-0.485230,0.651827,-0.410320,-0.209224,0.032060,0.000000
78.100000,1502.853165,-93.715213,2837.019925,3.309549,6.459242,-22.606178,0.413902,-0.485230,0.651827,-0.410320,-0.209224,0.032060,0.000000
78.650000,1504.667960,-90.138511,2824.590067,3.289796,6.547012,-22.593342,0.413902,-0.485230,0.651827,-0.410320,-0.209224,0.032060,0.000000
79.200000,1506.471891,-86.513549,2812.167262,3.270010,6.634694,-22.580532,0.413902,-0.485230,0.651827,-0.410320,-0.209224,0.032060,0.000000
79.750000,1508.264937,-82.840378,2799.751493,3.250199,6.722294,-22.567750,0.413902,-0.485230,0.651827,-0.410320,-0.209224,0.032060,0.000000
80.300000,1510.047086,-79.119050,2787.342742,3.230366,6.809813,-22.554995,0.413902,-0.485230,0.651827,-0.410320,-0.209224,0.032060,0.000000
80.850000,1511.818324,-75.349615,2774.940993,3.210516,6.897254,-22.542267,0.413902,-0.485230,0.651827,-0.410320,-0.209224,0.032060,0.000000
81.400000,1513.578640,-71.532125,2762.546226,3.190653,6.984616,-22.529568,0.413902,-0.485230,0.651827,-0.410320,-0.209224,0.032060,0.000000
81.950000,1515.328028,-67.666614,2750.158427,3.170782,7.071911,-22.516897,0.413902,-0.485230,0.651827,-0.410320,-0.209224,0.032060,0.000000
82.500000,1517.066491,-63.753107,2737.777586,3.150911,7.159153,-22.504254,0.413902,-0.485230,0.651827,-0.410320,-0.209224,0.032060,0.000000
83.050000,1518.794029,-59.791625,2725.403689,3.131047,7.246358,-22.491640,0.413902,-0.485230,0.651827,-0.410320,-0.209224,0.032060,0.000000
83.600000,1520.510643,-55.782195,2713.036725,3.111196,7.333534,-22.479055,0.413902,-0.485230,0.651827,-0.410320,-0.209224,0.032060,0.000000
84.150000,1522.216331,-51.724858,2700.676678,3.091341,7.420645,-22.466498,0.413902,-0.485230,0.651827,-0.410320,-0.209224,0.032060,0.000000
84.700000,1523.911088,-47.619660,2688.323529,3.071462,7.507638,-22.453971,0.413902,-0.485230,0.651827,-0.410320,-0.209224,0.032060,0.000000
85.250000,1525.594911,-43.466647,2675.977261,3.051538,7.594463,-22.441473,0.413902,-0.485230,0.651827,-0.410320,-0.209224,0.032060,0.000000
85.800000,1527.267800,-39.265850,2663.637859,3.031575,7.681133,-22.429003,0.413902,-0.485230,0.651827,-0.410320,-0.209224,0.032060,0.000000
86.350000,1528.929770,-35.017262,2651.305311,3.011650,7.767822,-22.416561,0.413902,-0.485230,0.651827,-0.410320,-0.209224,0.032060,0.000000
86.900000,1530.580835,-30.720872,2638.979608,2.991851,7.854732,-22.404146,0.413902,-0.485230,0.651827,-0.410320,-0.209224,0.032060,0.000000
87.450000,1532.221009,-26.376672,2626.660738,2.972256,7.942043,-22.391757,0.413902,-0.485230,0.651827,-0.410320,-0.209224,0.032060,0.000000
88.000000,1533.850265,-21.984765,2614.348683,2.952670,8.029302,-22.379395,0.413902,-0.485230,0.651827,-0.410320,-0.209224,0.032060,0.000000
88.550000,1535.468526,-17.545395,2602.043418,2.932558,8.115283,-22.367063,0.413902,-0.485230,0.651827,-0.410320,-0.209224,0.032060,0.000000
89.100000,1537.075442,-13.059421,2589.744919,2.910865,8.197560,-22.354762,0.413902,-0.485230,0.651827,-0.410320,-0.209224,0.032060,0.000000
89.650000,1538.669008,-8.531473,2577.453181,2.884078,8.268064,-22.342471,0.413902,-0.485230,0.651827,-0.410320,-0.209224,0.032060,0.000000
90.200000,1540.246131,-3.968697,2565.168223,2.851105,8.324291,-22.330121,0.413902,-0.485230,0.651827,-0.410320,-0.209224,0.032060,0.000000
90.750000,1541.803678,0.621677,2552.890087,2.812743,8.368070,-22.317660,0.413902,-0.485230,0.651827,-0.410320,-0.209224,0.032060,0.000000
91.300000,1543.338891,5.233274,2540.618837,2.769803,8.401271,-22.305073,0.413902,-0.485230,0.651827,-0.410320,-0.209224,0.032060,0.000000
91.850000,1544.849368,9.860543,2528.354542,2.722962,8.425439,-22.292369,0.413902,-0.485230,0.651827,-0.410320,-0.209224,0.032060,0.000000
92.400000,1546.333347,14.499400,2516.097255,2.672723,8.441738,-22.279562,0.413902,-0.485230,0.651827,-0.410320,-0.209224,0.032060,0.000000
92.950000,1547.789128,19.145904,2503.847025,2.619574,8.451281,-22.266675,0.413902,-0.485230,0.651827,-0.410320,-0.209224,0.032060,0.000000
93.500000,1549.214828,23.795685,2491.603905,2.564052,8.455304,-22.253732,0.413902,-0.485230,0.651827,-0.410320,-0.209224,0.032060,0.000000
94.050000,1550.609286,28.446038,2479.367920,2.506493,8.454574,-22.240755,0.413902,-0.485230,0.651827,-0.410320,-0.209224,0.032060,0.000000
94.600000,1551.971606,33.094867,2467.139081,2.447155,8.449686,-22.227757,0.413902,-0.485230,0.651827,-0.410320,-0.209224,0.032060,0.000000
95.150000,1553.300882,37.740048,2454.917394,2.386301,8.441243,-22.214745,0.413902,-0.485230,0.651827,-0.410320,-0.209224,0.032060,0.000000
95.700000,1554.596330,42.379743,2442.702858,2.324159,8.429766,-22.201743,0.413902,-0.485230,0.651827,-0.410320,-0.209224,0.032060,0.000000
96.250000,1555.857304,47.012427,2430.495471,2.260918,8.415690,-22.188784,0.413902,-0.485230,0.651827,-0.410320,-0.209224,0.032060,0.000000
96.800000,1557.083257,51.636800,2418.295224,2.196740,8.399384,-22.175828,0.413902,-0.485230,0.651827,-0.410320,-0.209224,0.032060,0.000000
97.350000,1558.273683,56.251654,2406.102107,2.131772,8.381192,-22.162808,0.413902,-0.485230,0.651827,-0.410320,-0.209224,0.032060,0.000000
97.900000,1559.428143,60.855943,2393.916106,2.066145,8.361414,-22.149761,0.413902,-0.485230,0.651827,-0.410320,-0.209224,0.032060,0.000000
98.450000,1560.546332,65.448932,2381.737204,1.999957,8.340260,-22.136933,0.413902,-0.485230,0.651827,-0.410320,-0.209224,0.032060,0.000000
99.000000,1561.627966,70.029934,2369.565380,1.933295,8.317930,-22.124532,0.413902,-0.485230,0.651827,-0.410320,-0.209224,0.032060,0.000000
99.550000,1562.672822,74.598375,2357.400615,1.866223,8.294585,-22.112039,0.413902,-0.485230,0.651827,-0.410320,-0.209224,0.032060,0.000000
100.100000,1563.680716,79.153755,2345.242888,1.798785,8.270364,-22.098467,0.413902,-0.485230,0.651827,-0.410320,-0.209224,0.032060,0.000000
100.650000,1564.651463,83.695608,2333.092179,1.731038,8.245401,-22.083788,0.413902,-0.485230,0.651827,-0.410320,-0.209224,0.032060,0.000000
101.200000,1565.584876,88.223571,2320.948476,1.663087,8.219819,-22.071096,0.413902,-0.485230,0.651827,-0.410320,-0.209224,0.032060,0.000000
101.750000,1566.480770,92.737306,2308.811769,1.595041,8.193738,-22.063870,0.413902,-0.485230,0.651827,-0.410320,-0.209224,0.032060,0.000000
102.300000,1567.339087,97.236545,2296.682037,1.526886,8.167221,-22.059552,0.413902,-0.485230,0.651827,-0.410320,-0.209224,0.032060,0.000000
102.850000,1568.159900,101.721091,2284.559245,1.458478,8.140274,-22.049262,0.413902,-0.485230,0.651827,-0.410320,-0.209224,0.032060,0.000000
103.400000,1568.943288,106.190754,2272.443362,1.389667,8.112900,-22.023823,0.413902,-0.485230,0.651827,-0.410320,-0.209224,0.032060,0.000000
103.950000,1569.687185,110.644631,2260.328663,1.391750,8.114194,-25.542523,0.413902,-0.485230,0.651827,-0.410320,-0.209224,0.032060,0.000000
104.500000,1570.395445,115.084119,2248.213483,1.475676,8.148690,-33.150474,0.413902,-0.485230,0.651827,-0.410320,-0.209224,0.032060,0.000000
105.050000,1571.061958,119.506694,2236.306349,1.107872,7.998692,-18.205365,0.413902,-0.485230,0.651827,-0.410320,-0.209224,0.032060,0.000000
105.600000,1571.593732,123.874265,2229.305342,0.877644,7.904498,-9.723298,0.413902,-0.485230,0.651827,-0.410320,-0.209224,0.032060,0.000000
106.150000,1572.050251,128.210975,2224.572251,0.791440,7.869037,-7.859947,0.413902,-0.485230,0.651827,-0.410320,-0.209224,0.032060,0.000000
106.700000,1572.470181,132.532598,2220.440943,0.738826,7.847280,-7.266455,0.413902,-0.485230,0.651827,-0.410320,-0.209224,0.032060,0.000000
107.250000,1572.865432,136.843992,2216.511708,0.700013,7.831151,-7.056342,0.413902,-0.485230,0.651827,-0.410320,-0.209224,0.032060,0.000000
107.800000,1573.241477,141.147386,2212.655495,0.668286,7.817908,-6.978943,0.413902,-0.485230,0.651827,-0.410320,-0.209224,0.032060,0.000000
108.350000,1573.601270,145.443984,2208.826483,0.640562,7.806293,-6.949543,0.413902,-0.485230,0.651827,-0.410320,-0.209224,0.032060,0.000000
108.900000,1573.946519,149.734481,2205.007925,0.615198,7.795639,-6.937756,0.413902,-0.485230,0.651827,-0.410320,-0.209224,0.032060,0.000000
109.450000,1574.278247,154.019293,2201.193709,0.591246,7.785559,-6.932563,0.413902,-0.485230,0.651827,-0.410320,-0.209224,0.032060,0.000000
110.000000,1574.597059,158.298665,2197.381594,0.568154,7.775828,-6.929938,0.413902,-0.485230,0.651827,-0.410320,-0.209224,0.032060,0.000000
110.550000,1574.903324,162.572748,2193.570646,0.545590,7.766313,-6.928198,0.413902,-0.485230,0.651827,-0.410320,-0.209224,0.032060,0.000000
111.100000,1575.197274,166.841636,2189.760542,0.523349,7.756928,-6.926769,0.413902,-0.485230,0.651827,-0.410320,-0.209224,0.032060,0.000000
111.650000,1575.479047,171.105385,2185.951183,0.501305,7.747624,-6.925467,0.413902,-0.485230,0.651827,-0.410320,-0.209224,0.032060,0.000000
112.200000,1575.748749,175.364038,2182.142519,0.479368,7.738363,-6.924209,0.413902,-0.485230,0.651827,-0.410320,-0.209224,0.032060,0.000000
112.750000,1576.006435,179.617619,2178.334534,0.457491,7.729127,-6.922965,0.413902,-0.485230,0.651827,-0.410320,-0.209224,0.032060,0.000000
113.300000,1576.252117,183.866130,2174.527228,0.435665,7.719911,-6.921732,0.413902,-0.485230,0.651827,-0.410320,-0.209224,0.032060,0.000000
113.850000,1576.485805,188.109577,2170.720597,0.413881,7.710713,-6.920509,0.413902,-0.485230,0.651827,-0.410320,-0.209224,0.032060,0.000000
114.400000,1576.707512,192.347966,2166.914641,0.392130,7.701528,-6.919292,0.413902,-0.485230,0.651827,-0.410320,-0.209224,0.032060,0.000000
114.950000,1576.917250,196.581300,2163.109357,0.370402,7.692352,-6.918078,0.413902,-0.485230,0.651827,-0.410320,-0.209224,0.032060,0.000000
115.500000,1577.115032,200.809585,2159.304742,0.348686,7.683182,-6.916864,0.413902,-0.485230,0.651827,-0.410320,-0.209224,0.032060,0.000000
116.050000,1577.300867,205.032826,2155.500797,0.326979,7.674015,-6.915651,0.413902,-0.485230,0.651827,-0.410320,-0.209224,0.032060,0.000000
116.600000,1577.474762,209.251024,2151.697520,0.305277,7.664851,-6.914436,0.413902,-0.485230,0.651827,-0.410320,-0.209224,0.032060,0.000000
117.150000,1577.636724,213.464183,2147.894911,0.283578,7.655687,-6.913223,0.413902,-0.485230,0.651827,-0.410320,-0.209224,0.032060,0.000000
117.700000,1577.786754,217.672303,2144.092968,0.261882,7.646525,-6.912009,0.413902,-0.485230,0.651827,-0.410320,-0.209224,0.032060,0.000000
118.250000,1577.924853,221.875385,2140.291693,0.240188,7.637364,-6.910796,0.413902,-0.485230,0.651827,-0.410320,-0.209224,0.032060,0.000000
118.800000,1578.051023,226.073428,2136.491085,0.218497,7.628204,-6.909583,0.413902,-0.485230,0.651827,-0.410320,-0.209224,0.032060,0.000000
119.350000,1578.165264,230.266435,2132.691144,0.196810,7.619045,-6.908371,0.413902,-0.485230,0.651827,-0.410320,-0.209224,0.032060,0.000000
119.900000,1578.267577,234.454404,2128.891869,0.175127,7.609888,-6.907159,0.413902,-0.485230,0.651827,-0.410320,-0.209224,0.032060,0.000000
120.450000,1578.357964,238.637336,2125.093260,0.153448,7.600733,-6.905949,0.413902,-0.485230,0.651827,-0.410320,-0.209224,0.032060,0.000000
121.000000,1578.436426,242.815233,2121.295316,0.131773,7.591579,-6.904739,0.413902,-0.485230,0.651827,-0.410320,-0.209224,0.032060,0.000000
121.550000,1578.502966,246.988095,2117.498038,0.110102,7.582427,-6.903530,0.413902,-0.485230,0.651827,-0.410320,-0.209224,0.032060,0.000000
122.100000,1578.557587,251.155924,2113.701424,0.088434,7.573276,-6.902322,0.413902,-0.485230,0.651827,-0.410320,-0.209224,0.032060,0.000000
122.650000,1578.600292,255.318722,2109.905474,0.066770,7.564128,-6.901114,0.413902,-0.485230,0.651827,-0.410320,-0.209224,0.032060,0.000000
123.200000,1578.631083,259.476488,2106.110188,0.045108,7.554982,-6.899908,0.413902,-0.485230,0.651827,-0.410320,-0.209224,0.032060,0.000000
123.750000,1578.649962,263.629225,2102.315564,0.023450,7.545838,-6.898702,0.413902,-0.485230,0.651827,-0.410320,-0.209224,0.032060,0.000000
124.300000,1578.656931,267.776932,2098.521604,0.001795,7.536695,-6.897498,0.413902,-0.485230,0.651827,-0.410320,-0.209224,0.032060,0.000000
124.850000,1578.651990,271.919610,2094.728306,-0.019856,7.527553,-6.896294,0.413902,-0.485230,0.651827,-0.410320,-0.209224,0.032060,0.000000
125.400000,1578.635140,276.057257,2090.935670,-0.041504,7.518411,-6.895091,0.413902,-0.485230,0.651827,-0.410320,-0.209224,0.032060,0.000000
125.950000,1578.606381,280.189873,2087.143696,-0.063146,7.509269,-6.893888,0.413902,-0.485230,0.651827,-0.410320,-0.209224,0.032060,0.000000
126.500000,1578.565716,284.317459,2083.352385,-0.084784,7.500126,-6.892687,0.413902,-0.485230,0.651827,-0.410320,-0.209224,0.032060,0.000000
127.050000,1578.513144,288.440018,2079.561736,-0.106418,7.490985,-6.891486,0.413902,-0.485230,0.651827,-0.410320,-0.209224,0.032060,0.000000
127.600000,1578.448668,292.557555,2075.771747,-0.128052,7.481853,-6.890287,0.413902,-0.485230,0.651827,-0.410320,-0.209224,0.032060,0.000000
128.150000,1578.372290,296.670077,2071.982418,-0.149689,7.472733,-6.889088,0.413902,-0.485230,0.651827,-0.410320,-0.209224,0.032060,0.000000
128.700000,1578.284019,300.777572,2068.193747,-0.171319,7.463610,-6.887890,0.413902,-0.485230,0.651827,-0.410320,-0.209224,0.032060,0.000000
129.250000,1578.183869,304.880021,2064.405736,-0.192928,7.454457,-6.886693,0.413902,-0.485230,0.651827,-0.410320,-0.209224,0.032060,0.000000
129.800000,1578.071843,308.977421,2060.618383,-0.214514,7.445270,-6.885496,0.413902,-0.485230,0.651827,-0.410320,-0.209224,0.032060,0.000000
130.350000,1577.947905,313.069840,2056.831688,-0.236125,7.436136,-6.884300,0.413902,-0.485230,0.651827,-0.410320,-0.209224,0.032060,0.000000
130.900000,1577.812018,317.157351,2053.045649,-0.257812,7.427152,-6.883106,0.413902,-0.485230,0.651827,-0.410320,-0.209224,0.032060,0.000000
131.450000,1577.664310,321.239724,2049.260269,-0.279411,7.418014,-6.881913,0.413902,-0.485230,0.651827,-0.410320,-0.209224,0.032060,0.000000
132.000000,1577.505092,325.316398,2045.475549,-0.300447,7.407854,-6.880714,0.413902,-0.485230,0.651827,-0.410320,-0.209224,0.032060,0.000000
132.550000,1577.334473,329.387175,2041.691490,-0.320156,7.395275,-6.879501,0.413902,-0.485230,0.651827,-0.410320,-0.209224,0.032060,0.000000
133.100000,1577.154062,333.449115,2037.908113,-0.335323,7.374393,-6.878226,0.413902,-0.485230,0.651827,-0.410320,-0.209224,0.032060,0.000000
133.650000,1576.966402,337.497574,2034.125448,-0.346419,7.346068,-6.876907,0.413902,-0.485230,0.651827,-0.410320,-0.209224,0.032060,0.000000
134.200000,1576.773171,341.529482,2030.343511,-0.354939,7.313039,-6.875574,0.413902,-0.485230,0.651827,-0.410320,-0.209224,0.032060,0.000000
134.750000,1576.575616,345.542564,2026.562305,-0.361994,7.277338,-6.874243,0.413902,-0.485230,0.651827,-0.410320,-0.209224,0.032060,0.000000
135.300000,1576.374493,349.535443,2022.781832,-0.368262,7.240208,-6.872921,0.413902,-0.485230,0.651827,-0.410320,-0.209224,0.032060,0.000000
135.850000,1576.170162,353.507465,2019.002086,-0.374068,7.202242,-6.871607,0.413902,-0.485230,0.651827,-0.410320,-0.209224,0.032060,0.000000
136.400000,1575.962806,357.458298,2015.223062,-0.379580,7.163744,-6.870298,0.413902,-0.485230,0.651827,-0.410320,-0.209224,0.032060,0.000000
136.950000,1575.752528,361.387761,2011.444758,-0.384888,7.124885,-6.868993,0.413902,-0.485230,0.651827,-0.410320,-0.209224,0.032060,0.000000
137.500000,1575.539397,365.295732,2007.667171,-0.390054,7.085776,-6.867689,0.413902,-0.485230,0.651827,-0.410320,-0.209224,0.032060,0.000000
138.050000,1575.323460,369.182131,2003.890300,-0.395122,7.046495,-6.866388,0.413902,-0.485230,0.651827,-0.410320,-0.209224,0.032060,0.000000
138.600000,1575.104748,373.046905,2000.114145,-0.400118,7.007092,-6.865088,0.413902,-0.485230,0.651827,-0.410320,-0.209224,0.032060,0.000000
139.150000,1574.883290,376.890007,1996.338704,-0.405067,6.967612,-6.863790,0.413902,-0.485230,0.651827,-0.410320,-0.209224,0.032060,0.000000
139.700000,1574.659112,380.711394,1992.563977,-0.409993,6.928100,-6.862493,0.413902,-0.485230,0.651827,-0.410320,-0.209224,0.032060,0.000000
140.250000,1574.432229,384.511044,1988.789962,-0.414909,6.888578,-6.861198,0.413902,-0.485230,0.651827,-0.410320,-0.209224,0.032060,0.000000
140.800000,1574.202647,388.288951,1985.016660,-0.419819,6.849055,-6.859903,0.413902,-0.485230,0.651827,-0.410320,-0.209224,0.032060,0.000000
141.350000,1573.970371,392.045112,1981.244069,-0.424727,6.809537,-6.858610,0.413902,-0.485230,0.651827,-0.410320,-0.209224,0.032060,0.000000
141.900000,1573.735401,395.779529,1977.472190,-0.429635,6.770027,-6.857317,0.413902,-0.485230,0.651827,-0.410320,-0.209224,0.032060,0.000000
142.450000,1573.497738,399.492203,1973.701021,-0.434541,6.730525,-6.856025,0.413902,-0.485230,0.651827,-0.410320,-0.209224,0.032060,0.000000
143.000000,1573.257383,403.183143,1969.930563,-0.439446,6.691028,-6.854735,0.413902,-0.485230,0.651827,-0.410320,-0.209224,0.032060,0.000000
143.550000,1573.014336,406.852361,1966.160813,-0.444348,6.651537,-6.853445,0.413902,-0.485230,0.651827,-0.410320,-0.209224,0.032060,0.000000
144.100000,1572.768597,410.499868,1962.391770,-0.449248,6.612049,-6.852157,0.413902,-0.485230,0.651827,-0.410320,-0.209224,0.032060,0.000000
144.650000,1572.520167,414.125668,1958.623434,-0.454144,6.572565,-6.850869,0.413902,-0.485230,0.651827,-0.410320,-0.209224,0.032060,0.000000
145.200000,1572.269047,417.729763,1954.855804,-0.459038,6.533086,-6.849583,0.413902,-0.485230,0.651827,-0.410320,-0.209224,0.032060,0.000000
145.750000,1572.015237,421.312155,1951.088880,-0.463930,6.493611,-6.848297,0.413902,-0.485230,0.651827,-0.410320,-0.209224,0.032060,0.000000
146.300000,1571.758739,424.872846,1947.322663,-0.468820,6.454142,-6.847013,0.413902,-0.485230,0.651827,-0.410320,-0.209224,0.032060,0.000000
146.850000,1571.499551,428.411838,1943.557150,-0.473708,6.414679,-6.845729,0.413902,-0.485230,0.651827,-0.410320,-0.209224,0.032060,0.000000
147.400000,1571.237676,431.929134,1939.792343,-0.478595,6.375223,-6.844446,0.413902,-0.485230,0.651827,-0.410320,-0.209224,0.032060,0.000000
147.950000,1570.973114,435.424735,1936.028240,-0.483480,6.335773,-6.843164,0.413902,-0.485230,0.651827,-0.410320,-0.209224,0.032060,0.000000
148.500000,1570.705865,438.898644,1932.264841,-0.488365,6.296330,-6.841884,0.413902,-0.485230,0.651827,-0.410320,-0.209224,0.032060,0.000000
149.050000,1570.435930,442.350863,1928.502147,-0.493249,6.256896,-6.840604,0.413902,-0.485230,0.651827,-0.410320,-0.209224,0.032060,0.000000
149.600000,1570.163310,445.781396,1924.740156,-0.498132,6.217469,-6.839325,0.413902,-0.485230,0.651827,-0.410320,-0.209224,0.032060,0.000000
150.150000,1569.888004,449.190248,1920.978868,-0.503014,6.178050,-6.838047,0.413902,-0.485230,0.651827,-0.410320,-0.209224,0.032060,0.000000
150.700000,1569.610015,452.577424,1917.218282,-0.507896,6.138638,-6.836770,0.413902,-0.485230,0.651827,-0.410320,-0.209224,0.032060,0.000000
151.250000,1569.329341,455.942927,1913.458397,-0.512777,6.099234,-6.835494,0.413902,-0.485230,0.651827,-0.410320,-0.209224,0.032060,0.000000
151.800000,1569.045984,459.286763,1909.699214,-0.517656,6.059837,-6.834219,0.413902,-0.485230,0.651827,-0.410320,-0.209224,0.032060,0.000000
152.350000,1568.759944,462.608935,1905.940731,-0.522535,6.020447,-6.832945,0.413902,-0.485230,0.651827,-0.410320,-0.209224,0.032060,0.000000
152.900000,1568.471221,465.909449,1902.182949,-0.527413,5.981065,-6.831672,0.413902,-0.485230,0.651827,-0.410320,-0.209224,0.032060,0.000000
153.450000,1568.179817,469.188308,1898.425865,-0.532290,5.941690,-6.830400,0.413902,-0.485230,0.651827,-0.410320,-0.209224,0.032060,0.000000
154.000000,1567.885731,472.445516,1894.669481,-0.537166,5.902322,-6.829129,0.413902,-0.485230,0.651827,-0.410320,-0.209224,0.032060,0.000000
154.550000,1567.588964,475.681077,1890.913795,-0.542041,5.862961,-6.827859,0.413902,-0.485230,0.651827,-0.410320,-0.209224,0.032060,0.000000
155.100000,1567.289515,478.894992,1887.158808,-0.546915,5.823608,-6.826589,0.413902,-0.485230,0.651827,-0.410320,-0.209224,0.032060,0.000000
155.650000,1566.987387,482.087263,1883.404519,-0.551787,5.784261,-6.825321,0.413902,-0.485230,0.651827,-0.410320,-0.209224,0.032060,0.000000
156.200000,1566.682578,485.257893,1879.650927,-0.556659,5.744922,-6.824053,0.413902,-0.485230,0.651827,-0.410320,-0.209224,0.032060,0.000000
156.750000,1566.375089,488.406885,1875.898033,-0.561530,5.705590,-6.822787,0.413902,-0.485230,0.651827,-0.410320,-0.209224,0.032060,0.000000
157.300000,1566.064920,491.534240,1872.145836,-0.566400,5.666265,-6.821521,0.413902,-0.485230,0.651827,-0.410320,-0.209224,0.032060,0.000000
157.850000,1565.752072,494.639961,1868.394336,-0.571269,5.626948,-6.820257,0.413902,-0.485230,0.651827,-0.410320,-0.209224,0.032060,0.000000
158.400000,1565.436545,497.724050,1864.643532,-0.576137,5.587637,-6.818993,0.413902,-0.485230,0.651827,-0.410320,-0.209224,0.032060,0.000000
158.950000,1565.118339,500.786510,1860.893424,-0.581005,5.548335,-6.817730,0.413902,-0.485230,0.651827,-0.410320,-0.209224,0.032060,0.000000
159.500000,1564.797455,503.827345,1857.144012,-0.585871,5.509039,-6.816468,0.413902,-0.485230,0.651827,-0.410320,-0.209224,0.032060,0.000000
160.050000,1564.473894,506.846561,1853.395295,-0.590737,5.469751,-6.815208,0.413902,-0.485230,0.651827,-0.410320,-0.209224,0.032060,0.000000
160.600000,1564.147656,509.844161,1849.647272,-0.595601,5.430470,-6.813948,0.413902,-0.485230,0.651827,-0.410320,-0.209224,0.032060,0.000000
161.150000,1563.818741,512.820151,1845.899943,-0.600465,5.391197,-6.812689,0.413902,-0.485230,0.651827,-0.410320,-0.209224,0.032060,0.000000
161.700000,1563.487151,515.774535,1842.153308,-0.605328,5.351931,-6.811431,0.413902,-0.485230,0.651827,-0.410320,-0.209224,0.032060,0.000000
162.250000,1563.152885,518.707318,1838.407365,-0.610190,5.312672,-6.810173,0.413902,-0.485230,0.651827,-0.410320,-0.209224,0.032060,0.000000
162.800000,1562.815944,521.618503,1834.662114,-0.615051,5.273420,-6.808917,0.413902,-0.485230,0.651827,-0.410320,-0.209224,0.032060,0.000000
163.350000,1562.476330,524.508097,1830.917554,-0.619911,5.234176,-6.807662,0.413902,-0.485230,0.651827,-0.410320,-0.209224,0.032060,0.000000
163.900000,1562.134041,527.376103,1827.173685,-0.624771,5.194939,-6.806408,0.413902,-0.485230,0.651827,-0.410320,-0.209224,0.032060,0.000000
164.450000,1561.789080,530.222527,1823.430507,-0.629629,5.155709,-6.805154,0.413902,-0.485230,0.651827,-0.410320,-0.209224,0.032060,0.000000
165.000000,1561.441447,533.047372,1819.688018,-0.634486,5.116486,-6.803902,0.413902,-0.485230,0.651827,-0.410320,-0.209224,0.032060,0.000000
165.550000,1561.091141,535.850643,1815.946218,-0.639343,5.077270,-6.802650,0.413902,-0.485230,0.651827,-0.410320,-0.209224,0.032060,0.000000
166.100000,1560.738164,538.632345,1812.205106,-0.644198,5.038062,-6.801399,0.413902,-0.485230,0.651827,-0.410320,-0.209224,0.032060,0.000000
166.650000,1560.382517,541.392482,1808.464683,-0.649053,4.998861,-6.800150,0.413902,-0.485230,0.651827,-0.410320,-0.209224,0.032060,0.000000
167.200000,1560.024199,544.131059,1804.724947,-0.653907,4.959667,-6.798901,0.413902,-0.485230,0.651827,-0.410320,-0.209224,0.032060,0.000000
167.750000,1559.663211,546.848078,1800.985898,-0.658760,4.920480,-6.797653,0.413902,-0.485230,0.651827,-0.410320,-0.209224,0.032060,0.000000
168.300000,1559.299554,549.543546,1797.247535,-0.663612,4.881300,-6.796406,0.413902,-0.485230,0.651827,-0.410320,-0.209224,0.032060,0.000000
168.850000,1558.933229,552.217466,1793.509858,-0.668463,4.842128,-6.795160,0.413902,-0.485230,0.651827,-0.410320,-0.209224,0.032060,0.000000
169.400000,1558.564235,554.869843,1789.772866,-0.673313,4.802963,-6.793915,0.413902,-0.485230,0.651827,-0.410320,-0.209224,0.032060,0.000000
169.950000,1558.192574,557.500680,1786.036559,-0.678162,4.763805,-6.792670,0.413902,-0.485230,0.651827,-0.410320,-0.209224,0.032060,0.000000
170.500000,1557.818246,560.109982,1782.300936,-0.683011,4.724654,-6.791427,0.413902,-0.485230,0.651827,-0.410320,-0.209224,0.032060,0.000000
171.050000,1557.441252,562.697753,1778.565997,-0.687858,4.685511,-6.790185,0.413902,-0.485230,0.651827,-0.410320,-0.209224,0.032060,0.000000
171.600000,1557.061591,565.263998,1774.831740,-0.692705,4.646375,-6.788943,0.413902,-0.485230,0.651827,-0.410320,-0.209224,0.032060,0.000000
172.150000,1556.679265,567.808720,1771.098166,-0.697551,4.607246,-6.787703,0.413902,-0.485230,0.651827,-0.410320,-0.209224,0.032060,0.000000
172.700000,1556.294275,570.331925,1767.365274,-0.702396,4.568125,-6.786463,0.413902,-0.485230,0.651827,-0.410320,-0.209224,0.032060,0.000000
173.250000,1555.906620,572.833616,1763.633064,-0.707241,4.529010,-6.785224,0.413902,-0.485230,0.651827,-0.410320,-0.209224,0.032060,0.000000
173.800000,1555.516301,575.313796,1759.901534,-0.712084,4.489903,-6.783986,0.413902,-0.485230,0.651827,-0.410320,-0.209224,0.032060,0.000000
174.350000,1555.123318,577.772470,1756.170685,-0.716927,4.450803,-6.782749,0.413902,-0.485230,0.651827,-0.410320,-0.209224,0.032060,0.000000
174.900000,1554.727673,580.209643,1752.440516,-0.721769,4.411711,-6.781513,0.413902,-0.485230,0.651827,-0.410320,-0.209224,0.032060,0.000000
175.450000,1554.329365,582.625316,1748.711027,-0.726610,4.372625,-6.780278,0.413902,-0.485230,0.651827,-0.410320,-0.209224,0.032060,0.000000
176.000000,1553.928395,585.019496,1744.982216,-0.731450,4.333547,-6.779043,0.413902,-0.485230,0.651827,-0.410320,-0.209224,0.032060,0.000000
176.550000,1553.524764,587.392185,1741.254084,-0.736289,4.294476,-6.777810,0.413902,-0.485230,0.651827,-0.410320,-0.209224,0.032060,0.000000
177.100000,1553.118471,589.743387,1737.526630,-0.741127,4.255412,-6.776577,0.413902,-0.485230,0.651827,-0.410320,-0.209224,0.032060,0.000000
177.650000,1552.709518,592.073107,1733.799853,-0.745964,4.216355,-6.775346,0.413902,-0.485230,0.651827,-0.410320,-0.209224,0.032060,0.000000
178.200000,1552.297905,594.381349,1730.073754,-0.750801,4.177305,-6.774115,0.413902,-0.485230,0.651827,-0.410320,-0.209224,0.032060,0.000000
178.750000,1551.883632,596.668116,1726.348331,-0.755637,4.138262,-6.772885,0.413902,-0.485230,0.651827,-0.410320,-0.209224,0.032060,0.000000
179.300000,1551.466700,598.933412,1722.623584,-0.760471,4.099226,-6.771656,0.413902,-0.485230,0.651827,-0.410320,-0.209224,0.032060,0.000000
179.850000,1551.047110,601.177241,1718.899512,-0.765305,4.060197,-6.770428,0.413902,-0.485230,0.651827,-0.410320,-0.209224,0.032060,0.000000
180.400000,1550.624861,603.399608,1715.176116,-0.770138,4.021175,-6.769201,0.413902,-0.485230,0.651827,-0.410320,-0.209224,0.032060,0.000000
180.950000,1550.199955,605.600515,1711.453394,-0.774970,3.982160,-6.767975,0.413902,-0.485230,0.651827,-0.410320,-0.209224,0.032060,0.000000
181.500000,1549.772391,607.779966,1707.731346,-0.779801,3.943153,-6.766750,0.413902,-0.485230,0.651827,-0.410320,-0.209224,0.032060,0.000000
182.050000,1549.342170,609.937966,1704.009972,-0.784631,3.904152,-6.765525,0.413902,-0.485230,0.651827,-0.410320,-0.209224,0.032060,0.000000
182.600000,1548.909294,612.074518,1700.289271,-0.789460,3.865158,-6.764302,0.413902,-0.485230,0.651827,-0.410320,-0.209224,0.032060,0.000000
183.150000,1548.473761,614.189626,1696.569243,-0.794289,3.826172,-6.763079,0.413902,-0.485230,0.651827,-0.410320,-0.209224,0.032060,0.000000
183.700000,1548.035573,616.283294,1692.849887,-0.799116,3.787192,-6.761857,0.413902,-0.485230,0.651827,-0.410320,-0.209224,0.032060,0.000000
184.250000,1547.594731,618.355526,1689.131202,-0.803943,3.748220,-6.760636,0.413902,-0.485230,0.651827,-0.410320,-0.209224,0.032060,0.000000
184.800000,1547.151234,620.406324,1685.413189,-0.808768,3.709254,-6.759416,0.413902,-0.485230,0.651827,-0.410320,-0.209224,0.032060,0.000000
185.350000,1546.705083,622.435694,1681.695847,-0.813593,3.670296,-6.758197,0.413902,-0.485230,0.651827,-0.410320,-0.209224,0.032060,0.000000
185.900000,1546.256278,624.443639,1677.979174,-0.818417,3.631344,-6.756979,0.413902,-0.485230,0.651827,-0.410320,-0.209224,0.032060,0.000000
186.450000,1545.804821,626.430163,1674.263172,-0.823241,3.592400,-6.755761,0.413902,-0.485230,0.651827,-0.410320,-0.209224,0.032060,0.000000
187.000000,1545.350711,628.395269,1670.547839,-0.828063,3.553462,-6.754545,0.413902,-0.485230,0.651827,-0.410320,-0.209224,0.032060,0.000000
187.550000,1544.893950,630.338962,1666.833175,-0.832884,3.514532,-6.753329,0.413902,-0.485230,0.651827,-0.410320,-0.209224,0.032060,0.000000
188.100000,1544.434536,632.261246,1663.119179,-0.837705,3.475609,-6.752114,0.413902,-0.485230,0.651827,-0.410320,-0.209224,0.032060,0.000000
188.650000,1543.972472,634.162123,1659.405852,-0.842525,3.436692,-6.750900,0.413902,-0.485230,0.651827,-0.410320,-0.209224,0.032060,0.000000
189.200000,1543.507757,636.041599,1655.693191,-0.847343,3.397783,-6.749687,0.413902,-0.485230,0.651827,-0.410320,-0.209224,0.032060,0.000000
189.750000,1543.040392,637.899676,1651.981198,-0.852162,3.358881,-6.748475,0.413902,-0.485230,0.651827,-0.410320,-0.209224,0.032060,0.000000
190.300000,1542.570377,639.736359,1648.269871,-0.856979,3.319986,-6.747264,0.413902,-0.485230,0.651827,-0.410320,-0.209224,0.032060,0.000000
190.850000,1542.097714,641.551651,1644.559210,-0.861795,3.281098,-6.746053,0.413902,-0.485230,0.651827,-0.410320,-0.209224,0.032060,0.000000
191.400000,1541.622401,643.345557,1640.849214,-0.866610,3.242216,-6.744844,0.413902,-0.485230,0.651827,-0.410320,-0.209224,0.032060,0.000000
191.950000,1541.144441,645.118080,1637.139884,-0.871425,3.203342,-6.743635,0.413902,-0.485230,0.651827,-0.410320,-0.209224,0.032060,0.000000
192.500000,1540.663832,646.869224,1633.431218,-0.876239,3.164475,-6.742427,0.413902,-0.485230,0.651827,-0.410320,-0.209224,0.032060,0.000000
193.050000,1540.180577,648.598993,1629.723217,-0.881051,3.125615,-6.741220,0.413902,-0.485230,0.651827,-0.410320,-0.209224,0.032060,0.000000
193.600000,1539.694674,650.307390,1626.015879,-0.885863,3.086762,-6.740014,0.413902,-0.485230,0.651827,-0.410320,-0.209224,0.032060,0.000000
194.150000,1539.206125,651.994420,1622.309204,-0.890675,3.047916,-6.738809,0.413902,-0.485230,0.651827,-0.410320,-0.209224,0.032060,0.000000
194.700000,1538.714931,653.660087,1618.603191,-0.895485,3.009077,-6.737604,0.413902,-0.485230,0.651827,-0.410320,-0.209224,0.032060,0.000000
195.250000,1538.221091,655.304394,1614.897841,-0.900294,2.970244,-6.736401,0.413902,-0.485230,0.651827,-0.410320,-0.209224,0.032060,0.000000
195.800000,1537.724606,656.927344,1611.193153,-0.905103,2.931419,-6.735198,0.413902,-0.485230,0.651827,-0.410320,-0.209224,0.032060,0.000000
196.350000,1537.225477,658.528943,1607.489126,-0.909910,2.892601,-6.733996,0.413902,-0.485230,0.651827,-0.410320,-0.209224,0.032060,0.000000
196.900000,1536.723704,660.109193,1603.785760,-0.914717,2.853790,-6.732795,0.413902,-0.485230,0.651827,-0.410320,-0.209224,0.032060,0.000000
197.450000,1536.219287,661.668099,1600.083053,-0.919523,2.814986,-6.731595,0.413902,-0.485230,0.651827,-0.410320,-0.209224,0.032060,0.000000
198.000000,1535.712227,663.205665,1596.381007,-0.924328,2.776189,-6.730396,0.413902,-0.485230,0.651827,-0.410320,-0.209224,0.032060,0.000000
198.550000,1535.202525,664.721893,1592.679620,-0.929132,2.737398,-6.729198,0.413902,-0.485230,0.651827,-0.410320,-0.209224,0.032060,0.000000
199.100000,1534.690181,666.216789,1588.978892,-0.933935,2.698615,-6.728000,0.413902,-0.485230,0.651827,-0.410320,-0.209224,0.032060,0.000000
199.650000,1534.175195,667.690355,1585.278823,-0.938737,2.659838,-6.726803,0.413902,-0.485230,0.651827,-0.410320,-0.209224,0.032060,0.000000
200.200000,1533.657568,669.142597,1581.579411,-0.943539,2.621069,-6.725608,0.413902,-0.485230,0.651827,-0.410320,-0.209224,0.032060,0.000000
200.750000,1533.137301,670.573517,1577.880656,-0.948340,2.582306,-6.724413,0.413902,-0.485230,0.651827,-0.410320,-0.209224,0.032060,0.000000
201.300000,1532.614394,671.983119,1574.182559,-0.953140,2.543550,-6.723218,0.413902,-0.485230,0.651827,-0.410320,-0.209224,0.032060,0.000000
201.850000,1532.088846,673.371408,1570.485118,-0.957939,2.504800,-6.722025,0.413902,-0.485230,0.651827,-0.410320,-0.209224,0.032060,0.000000
202.400000,1531.560660,674.738386,1566.788333,-0.962737,2.466058,-6.720833,0.413902,-0.485230,0.651827,-0.410320,-0.209224,0.032060,0.000000
202.950000,1531.029835,676.084059,1563.092204,-0.967534,2.427322,-6.719641,0.413902,-0.485230,0.651827,-0.410320,-0.209224,0.032060,0.000000
203.500000,1530.496372,677.408430,1559.396730,-0.972330,2.388593,-6.718450,0.413902,-0.485230,0.651827,-0.410320,-0.209224,0.032060,0.000000
204.050000,1529.960270,678.711502,1555.701910,-0.977126,2.349871,-6.717261,0.413902,-0.485230,0.651827,-0.410320,-0.209224,0.032060,0.000000
204.600000,1529.421532,679.993279,1552.007744,-0.981921,2.311155,-6.716071,0.413902,-0.485230,0.651827,-0.410320,-0.209224,0.032060,0.000000
205.150000,1528.880157,681.253766,1548.314232,-0.986715,2.272446,-6.714883,0.413902,-0.485230,0.651827,-0.410320,-0.209224,0.032060,0.000000
205.700000,1528.336146,682.492966,1544.621373,-0.991508,2.233744,-6.713696,0.413902,-0.485230,0.651827,-0.410320,-0.209224,0.032060,0.000000
206.250000,1527.789498,683.710883,1540.929167,-0.996300,2.195048,-6.712509,0.413902,-0.485230,0.651827,-0.410320,-0.209224,0.032060,0.000000
206.800000,1527.240216,684.907521,1537.237613,-1.001092,2.156359,-6.711324,0.413902,-0.485230,0.651827,-0.410320,-0.209224,0.032060,0.000000
207.350000,1526.688298,686.082883,1533.546710,-1.005882,2.117680,-6.710139,0.413902,-0.485230,0.651827,-0.410320,-0.209224,0.032060,0.000000
207.900000,1526.133746,687.236974,1529.856459,-1.010672,2.079008,-6.708955,0.413902,-0.485230,0.651827,-0.410320,-0.209224,0.032060,0.000000
208.450000,1525.576560,688.369796,1526.166859,-1.015461,2.040331,-6.707771,0.413902,-0.485230,0.651827,-0.410320,-0.209224,0.032060,0.000000
209.000000,1525.016740,689.481354,1522.477909,-1.020249,2.001671,-6.706589,0.413902,-0.485230,0.651827,-0.410320,-0.209224,0.032060,0.000000
209.550000,1524.454294,690.571715,1518.789610,-1.024971,1.963696,-6.705413,0.413902,-0.485230,0.651827,-0.410320,-0.209224,0.032060,0.000000
210.100000,1523.889484,691.643623,1515.101944,-1.028718,1.935873,-6.704286,0.413902,-0.485230,0.651827,-0.410320,-0.209224,0.032060,0.000000
210.650000,1523.322900,692.703219,1511.414899,-1.031491,1.918178,-6.703150,0.413902,-0.485230,0.651827,-0.410320,-0.209224,0.032060,0.000000
211.200000,1522.754964,693.754872,1507.728486,-1.033675,1.906623,-6.701983,0.413902,-0.485230,0.651827,-0.410320,-0.209224,0.032060,0.000000
211.750000,1522.185933,694.801289,1504.042721,-1.035504,1.898761,-6.700795,0.413902,-0.485230,0.651827,-0.410320,-0.209224,0.032060,0.000000
212.300000,1521.615949,695.843923,1500.357610,-1.037104,1.893277,-6.699595,0.413902,-0.485230,0.651827,-0.410320,-0.209224,0.032060,0.000000
212.850000,1521.045121,696.883913,1496.673160,-1.038574,1.889140,-6.698391,0.413902,-0.485230,0.651827,-0.410320,-0.209224,0.032060,0.000000
213.400000,1520.473511,697.921909,1492.989373,-1.039972,1.885762,-6.697188,0.413902,-0.485230,0.651827,-0.410320,-0.209224,0.032060,0.000000
213.950000,1519.901150,698.958229,1489.306250,-1.041324,1.882858,-6.695986,0.413902,-0.485230,0.651827,-0.410320,-0.209224,0.032060,0.000000
214.500000,1519.328056,699.993060,1485.623788,-1.042646,1.880258,-6.694785,0.413902,-0.485230,0.651827,-0.410320,-0.209224,0.032060,0.000000
215.050000,1518.754239,701.026520,1481.941989,-1.043949,1.877852,-6.693583,0.413902,-0.485230,0.651827,-0.410320,-0.209224,0.032060,0.000000
215.600000,1518.179712,702.058699,1478.260848,-1.045241,1.875565,-6.692379,0.413902,-0.485230,0.651827,-0.410320,-0.209224,0.032060,0.000000
216.150000,1517.604480,703.089651,1474.580366,-1.046526,1.873351,-6.691176,0.413902,-0.485230,0.651827,-0.410320,-0.209224,0.032060,0.000000
